,#VALUE!,,,Cartoon monsters,,Background,E8379F6EA6BAD67E0D9FE7DC2BCD2440,Correct
,#VALUE!,,,Dinosaurces,,Background,63649C6B659E5EE51D05F2C9CD45A01A,Correct
,#VALUE!,,,Dancing,,Background,7E3AF38986A09E66C41FBE2B4CC0352B,Correct
,#VALUE!,,,Magic,,Background,657B53E3C0A52E1A2E600F752DA0486E,Correct
,#VALUE!,,,Space,,Background,82792F08318BB9825C3D85FBCC2F1475,Correct
,#VALUE!,,,Cars,,Background,7B6D36FA4684743638CE0F6195DE905D,Correct
,#VALUE!,,,Drawing,,Background,2BB12A8D43FD2C05E89EADF8527C67C4,Correct
,#VALUE!,,,Builging Blocks,,Background,FB4019A0B8AC4F7749250BBCF5D66FA4,Correct
,#VALUE!,,,Singing,,Background,218ADE0E30BF8E4B4368F41182F1F135,Correct
,#VALUE!,,,Videogames,,Background,42438526B22346E56481DE5A5BF45F13,Correct
,#VALUE!,,,Experiments,,Background,629A6075536DE24FC9D15541F8F70C1E,Correct
,#VALUE!,,,Candy,,Background,CDE5427B994292917BF5C43FC6DEC3D5,Correct
,#VALUE!,,,Nature,,Background,373C2457E715E2C8620BB9674F973289,Correct
,#VALUE!,,,Science,,Background,C6D93B14CEFCF439BD31482F22A6E2A4,Correct
,#VALUE!,,,Space,,Background,A74819ABFAB0C51CEF587BA3409660EB,Correct
,#VALUE!,,,Cars,,Background,8C2FE70090180420EB0755FA90196025,Correct
,#VALUE!,,,Drawing,,Background,137EC8D017820A00344649E8F47F0FF2,Correct
,#VALUE!,,,Builging Blocks,,Background,E9AADC2B7B98AF48A955FFBBB9F25C4A,Correct
,#VALUE!,,,Animals,,Background,01A96E0FEB333B1DFCF6A2B61D56A54C,Correct
,#VALUE!,,,Singing,,Background,ADE0A57E309F4228F716B713867DD8B5,Correct
,#VALUE!,,,Cartoon monsters,,Background,C2B8C937578C4C11EC653251BD859514,Correct
,#VALUE!,,,Dinosaurces,,Background,8ADBE68012F308D7C0441D3B58C93D5D,Correct
,#VALUE!,,,Dancing,,Background,6E81C28B6980B1D553C04C04C19C109D,Correct
,#VALUE!,,,Space,,Background,9BC5B9E22B9111992E1A5EA6B5E51D93,Correct
,#VALUE!,,,Drawing,,Background,E40B47F0461D6C2C62BAFEB2BE3C7A10,Correct
,#VALUE!,,,Builging Blocks,,Background,EA1C14180E14A487B51472AEB52B1B08,Correct
,#VALUE!,,,Animals,,Background,EA9041246B2570980CC469A941C6B34F,Correct
,#VALUE!,,,Adventures,,Background,05735B8B24055DCC35E4FBC4AE4325EA,Correct
,#VALUE!,,,Experiments,,Background,7056FC5B6CCACED05FF397E35E4EC8CB,Correct
,#VALUE!,,,Candy,,Background,A22CB171F5A6A67B27917D82BCDE1F97,Correct
,#VALUE!,,,Nature,,Background,29ACBFC934509C70F4B66058A7C0B9AB,Correct
,#VALUE!,,,Science,,Background,C79F88F6AECB71E01C8E6793FCE8BF32,Correct
,#VALUE!,,,Cartoon monsters,,Background,C3E674AED748093036099B0C82722BFC,Correct
,#VALUE!,,,Dinosaurces,,Background,CFB502B6AFD643312BA4E8848F08D447,Correct
,#VALUE!,,,Dancing,,Background,0A25E6F4151D72C7769D861A77F36FAE,Correct
,#VALUE!,,,Magic,,Background,2D994EECBF5B904F9F68894694A3CF6B,Correct
,#VALUE!,,,Cars,,Background,5FE335933F222B2925DC1BF56A86FB62,Correct
,#VALUE!,,,Drawing,,Background,22CFF5258690EC10ACF3D35150D7C3F8,Correct
,#VALUE!,,,Animals,,Background,E197DF065A6B67C8A261C49A9329A49F,Correct
,#VALUE!,,,Adventures,,Background,F9B56F65122A0060472865FCE83C5EE8,Correct
,#VALUE!,,,Videogames,,Background,8FCF68C0F8A346D2774B86CE12146391,Correct
,#VALUE!,,,Experiments,,Background,05C776D0E30794701A743F818984DC5A,Correct
,#VALUE!,,,Candy,,Background,510A6AE4532CA67BCA1D8BAF5D181B3E,Correct
,#VALUE!,,,Nature,,Background,82E5E5C6CA6D8CE724010AAA594B46BA,Correct
,#VALUE!,,,Science,,Background,B717347CB5B60BDE93F522905652582C,Correct
,#VALUE!,,,Cartoon monsters,,Background,28203A78AD9B89FB1919D7EB2035C339,Correct
,#VALUE!,,,Cartoon monsters,,Background,AE08D8907794ACD33CBEDB3269DADB15,Correct
,#VALUE!,,,Cartoon monsters,,Background,E8815BAAF26F10A19262D98F630C2306,Correct
,#VALUE!,,,Cartoon monsters,,Background,ACE98EC4D0CE213F26771D60AC8F1AAE,Correct
,#VALUE!,,,Cartoon monsters,,Background,062CB6E74086B19D8D0B906CE9AB5465,Correct
,#VALUE!,,,Cartoon monsters,,Background,E30441DAEFBB4EF2DC95233EDB8BAA1F,Correct
,#VALUE!,,,Dinosaurces,,Background,FACF0D6906FA7A05E3769CAE21C1B2B6,Correct
,#VALUE!,,,Dinosaurces,,Background,E0BD0C7B084E29CC65668ADAC853A3CE,Correct
,#VALUE!,,,Dinosaurces,,Background,1DD3C4AEB11A08FEE446B7A4E02EFF37,Correct
,#VALUE!,,,Dinosaurces,,Background,4CF86233812DFA3C8662FBBAD296614E,Correct
,#VALUE!,,,Dinosaurces,,Background,B3AB8F3C319F37A08F210319BADE1FBB,Correct
,#VALUE!,,,Dinosaurces,,Background,5251B4E49B65AAFAC77007F65C049E15,Correct
,#VALUE!,,,Dancing,,Background,A89E9E58B03E117EA3903FA0033241EE,Correct
,#VALUE!,,,Dancing,,Background,23199EB7A86DFBE48BC2CDB857ADF8AC,Correct
,#VALUE!,,,Magic,,Background,121F3D99BC43E3B47CE1554EE11BEA4E,Correct
,#VALUE!,,,Magic,,Background,11D35BABC70274756D9CF083895F41A4,Correct
,#VALUE!,,,Magic,,Background,4C12F2FB0ADBB8DBB0A7E104D5100D4A,Correct
,#VALUE!,,,Magic,,Background,75105DAE5E02EDEAB2AA709E9E89050D,Correct
,#VALUE!,,,Magic,,Background,86B51B3F403710EBB3F723E23087C709,Correct
,#VALUE!,,,Space,,Background,CC45165BF233C6211AEDAF6150359387,Correct
,#VALUE!,,,Space,,Background,AA3B063378F290DDD8CB7CC833D51643,Correct
,#VALUE!,,,Space,,Background,C91FB36ECA08FD61BEFCAF8B70B9BD51,Correct
,#VALUE!,,,Space,,Background,0802B596FC70474CD5E280E74B897068,Correct
,#VALUE!,,,Space,,Background,46413649EBBAAC087D8D9D8B40F1085B,Correct
,#VALUE!,,,Cars,,Background,28FC73203F31A22ACCE9BBDD24DFD16A,Correct
,#VALUE!,,,Cars,,Background,0B1654306EDC8C055BE06D67154E2089,Correct
,#VALUE!,,,Cars,,Background,F2CC406445DDEB82C56ECE6D2510707B,Correct
,#VALUE!,,,Cars,,Background,C7228AAAB015D6186634D00A8EA899B5,Correct
,#VALUE!,,,Drawing,,Background,11C5D60599B17B4F7F899678B641FC97,Correct
,#VALUE!,,,Drawing,,Background,9CA93A03B00844C0D08A03669F0C4EEA,Correct
,#VALUE!,,,Drawing,,Background,6F0A58C4A35F863054C5A7DAA666AD16,Correct
,#VALUE!,,,Drawing,,Background,190D55451F08C577BF41A717E8A646BE,Correct
,#VALUE!,,,Drawing,,Background,915C4A5A6C612B11F66226BCF04B510A,Correct
,#VALUE!,,,Builging Blocks,,Background,138DE5F43967CA9772BDDCB4123EB1CD,Correct
,#VALUE!,,,Builging Blocks,,Background,A14BD1B8F3C6910473E9A7EC7E3915F1,Correct
,#VALUE!,,,Builging Blocks,,Background,C1A3E548B09AFAE154DAA753BC081EE5,Correct
,#VALUE!,,,Builging Blocks,,Background,3DB15E9EA184A2D28E521CA09943FD46,Correct
,#VALUE!,,,Builging Blocks,,Background,5B7AEA80A651A9EB72E6DFA2933413F6,Correct
,#VALUE!,,,Animals,,Background,D55C6AAB2376EF9AADB2AEF0C7007DC5,Correct
,#VALUE!,,,Animals,,Background,91B333DC7A3E9F6E06216580973B1FD7,Correct
,#VALUE!,,,Animals,,Background,690E9E7A56D38E6108345930ED051FD2,Correct
,#VALUE!,,,Animals,,Background,A8CA29934745BA993749BFED2BCC1A70,Correct
,#VALUE!,,,Animals,,Background,DCF1BF3F259109507DD72A2A36AC424D,Correct
,#VALUE!,,,Singing,,Background,A0EC5B0359BF8688F6C45A443EE72987,Correct
,#VALUE!,,,Singing,,Background,FCFAD9370D90855E8283C247D0B788EE,Correct
,#VALUE!,,,Adventures,,Background,F244E35D1C23E89E160975142CA90408,Correct
,#VALUE!,,,Adventures,,Background,453A0B39E0254198903CE01C19A04A34,Correct
,#VALUE!,,,Adventures,,Background,29B937CDBD438F7B393FB0DA10B7A5F7,Correct
,#VALUE!,,,Adventures,,Background,9A8CAB8CEA34534850627F0D0EF116CA,Correct
,#VALUE!,,,Adventures,,Background,0DE6E119D765CB9C9114D5C1D8C62708,Correct
,#VALUE!,,,Adventures,,Background,62D1736EDD09B8C3A46AC13AAED4FF7C,Correct
,#VALUE!,,,Videogames,,Background,C7FA34D5C99D46982B602FDECDD5FC0A,Correct
,#VALUE!,,,Videogames,,Background,6F66DF39B86DD4B481840F60C72514D2,Correct
,#VALUE!,,,Videogames,,Background,4B7B3B1ECDA18FC533858F834A3B101B,Correct
,#VALUE!,,,Videogames,,Background,1893092063CF9639A74BCC83C2B1E582,Correct
,#VALUE!,,,Videogames,,Background,05D3F504631C35108022C6E333EFEEEA,Correct
,#VALUE!,,,Videogames,,Background,E99B41BC5CDFFF4A4830F6F89D4A90D4,Correct
,#VALUE!,,,Experiments,,Background,CC2C8F3FEA8CC3B8E40D85FD7465E0B8,Correct
,#VALUE!,,,Experiments,,Background,7EC209198D5DA5149C95458E9989FA03,Correct
,#VALUE!,,,Experiments,,Background,DF7D5447179EF01DDE91130DC367BEF9,Correct
,#VALUE!,,,Experiments,,Background,D50082C924D4D8F55D40785230A96903,Correct
,#VALUE!,,,Experiments,,Background,18DF67A5D79575A87AE6A6209F3E415C,Correct
,#VALUE!,,,Experiments,,Background,034BC7B5E5747A7AB550A758898E98C8,Correct
,#VALUE!,,,Candy,,Background,50A301288B1C075135D0D224221340E2,Correct
,#VALUE!,,,Candy,,Background,25840ADBDCFE34B402C37E4E225F6CEB,Correct
,#VALUE!,,,Candy,,Background,0431E1347627569E3052816A9377F7D3,Correct
,#VALUE!,,,Candy,,Background,7169453E6364646611ECE2DE05874B6D,Correct
,#VALUE!,,,Candy,,Background,8EB193B3B6F03F10E352A26E5147415B,Correct
,#VALUE!,,,Candy,,Background,731A601C57A427C60DFF82FA65BB548C,Correct
,#VALUE!,,,Nature,,Background,ABFBAF7FD00FAC31A572E2FD05BA557C,Correct
,#VALUE!,,,Nature,,Background,77816AF730FA03E00757AD7DA59FB7BA,Correct
,#VALUE!,,,Nature,,Background,B249350A6DA436904D00EECF8191965C,Correct
,#VALUE!,,,Science,,Background,17A26665835220E85949802F487EBAAA,Correct
,#VALUE!,,,Science,,Background,DE4CB9A59EC4E8D63E16A7DEBE6422E3,Correct
,#VALUE!,,,Science,,Background,86C71EA148A6EE5E81D09D0BC698B88C,Correct
,#VALUE!,,,Science,,Background,81BF638F110B1B3CFB79ABF6B1CE0CE0,Correct
,#VALUE!,,,Science,,Background,10396E70182462B55B39F37D12E08578,Correct
,#VALUE!,,,Science,,Background,D1D68CB571C7A94F729546F93D070D05,Correct
,#VALUE!,,,Cartoon monsters,,Background,B79948371A549D3D62D9FBB042F965B2,Correct
,#VALUE!,,,Cartoon monsters,,Background,BA4158A896ED99A7552E9F764568D403,Correct
,#VALUE!,,,Cartoon monsters,,Background,5B3C73D45BD0199ED13FEC31FB7AA225,Correct
,#VALUE!,,,Cartoon monsters,,Background,E63A7940A46946819B872A7ACB942E44,Correct
,#VALUE!,,,Cartoon monsters,,Background,2BF8BA6D368E6D35E7C50D5AE8F472EC,Correct
,#VALUE!,,,Cartoon monsters,,Background,036C66E171143AFBD9829311A50A2777,Correct
,#VALUE!,,,Cartoon monsters,,Background,85F16E6206A206F0A67615248955B491,Correct
,#VALUE!,,,Dinosaurces,,Background,261DDB8A9E95F7A1ACE445BA0C6253DE,Correct
,#VALUE!,,,Dinosaurces,,Background,87127010B513738478955BDDB0A06D08,Correct
,#VALUE!,,,Dinosaurces,,Background,F0200CC7D18B60120FF986DAE4A130DB,Correct
,#VALUE!,,,Dinosaurces,,Background,E2C6088443E69B9EBE4FD8A7B85CBC61,Correct
,#VALUE!,,,Dancing,,Background,08F5C3125C2B6DFDD7004C4B64C010AD,Correct
,#VALUE!,,,Dancing,,Background,724575A04AB92DB490E0B4D5CE7227F1,Correct
,#VALUE!,,,Dancing,,Background,3B3B06D1632C779CC00572A66AC7C728,Correct
,#VALUE!,,,Magic,,Background,C345281FCD6B3FFA7E68707A43F4DCF9,Correct
,#VALUE!,,,Magic,,Background,079EE90715CBA1E6E7F34868A192094A,Correct
,#VALUE!,,,Magic,,Background,54EB830B6209500066059DF91BF9CED5,Correct
,#VALUE!,,,Magic,,Background,104F1E66F561A22B1A1CA0B52C258BD9,Correct
,#VALUE!,,,Space,,Background,CF9D77C22C0E03651CA3BD5FD966717E,Correct
,#VALUE!,,,Space,,Background,6CAC3FEC3741DCE65728E3F21FB09A97,Correct
,#VALUE!,,,Space,,Background,8A66D61ECB0470E5E588304566C223E7,Correct
,#VALUE!,,,Space,,Background,BA639C2B47DBA0A2EC2F34C5CF4EABDC,Correct
,#VALUE!,,,Cars,,Background,E99E413E73060D3CAB1E09389098323D,Correct
,#VALUE!,,,Cars,,Background,BE5DE71885FAC9C0377E0F740CC19B36,Correct
,#VALUE!,,,Cars,,Background,6AB20DD97B3203CDE77D9FF63F1292CC,Correct
,#VALUE!,,,Cars,,Background,1DBE60F4D42F493D8A71E40336A38505,Correct
,#VALUE!,,,Cars,,Background,0210577B194BBCC88DC2D9F8A39E6B42,Correct
,#VALUE!,,,Cars,,Background,4D818899F65E4722DEEF319C4D381E33,Correct
,#VALUE!,,,Cars,,Background,89BFDE40EC9099933B30C5B56ECCB411,Correct
,#VALUE!,,,Drawing,,Background,D50BF0003EBF4216E46A9357E47D034A,Correct
,#VALUE!,,,Drawing,,Background,4BFA9A88BD31EE73884157D0DD6F6226,Correct
,#VALUE!,,,Drawing,,Background,2A433395388E05F61F6165EF4C2B0E00,Correct
,#VALUE!,,,Drawing,,Background,C74D1EAD82EE19C080EE196B8F4351CA,Correct
,#VALUE!,,,Drawing,,Background,8D3B52F304B1D185C80C1DCCB1BB1881,Correct
,#VALUE!,,,Drawing,,Background,B90455622230A8F3860C15A90AEF7C73,Correct
,#VALUE!,,,Drawing,,Background,8952515625A8C2AB45F7DDD1EC811279,Correct
,#VALUE!,,,Builging Blocks,,Background,57782585AAFCE945A43172791DF8BDBF,Correct
,#VALUE!,,,Builging Blocks,,Background,EFE29E4A61191BB8E4464016EC31AF15,Correct
,#VALUE!,,,Builging Blocks,,Background,F057B92BFFAADB46F9F64233FCDDDD23,Correct
,#VALUE!,,,Builging Blocks,,Background,C953463D420FFC9E397127C76E3CF591,Correct
,#VALUE!,,,Builging Blocks,,Background,0835EE7DB80AF692A78E78C3B1FED4EA,Correct
,#VALUE!,,,Builging Blocks,,Background,E36FC48004D500CB1DF9D060DE7755C3,Correct
,#VALUE!,,,Builging Blocks,,Background,9FF3CDA27DBFCE45AC7D86B05477F926,Correct
,#VALUE!,,,Animals,,Background,E43548CA7A29D9F3F6C9DAB4630D3BB9,Correct
,#VALUE!,,,Animals,,Background,0EF387CD3396F84D392CEBC1972C928E,Correct
,#VALUE!,,,Animals,,Background,63A8C239EC964DA956A0C012487E36FE,Correct
,#VALUE!,,,Animals,,Background,905BF14B483EB807D967916E9AF32713,Correct
,#VALUE!,,,Animals,,Background,B96E4E24677C741B2F9CD87CE29A05DC,Correct
,#VALUE!,,,Animals,,Background,B3B56F7F6C740649030ADA05C8AD4E92,Correct
,#VALUE!,,,Singing,,Background,0EB5D052BCA846A24CF4A1C71F5423EE,Correct
,#VALUE!,,,Singing,,Background,D163CCFB073C7E4F36BA7C28CD2FB70B,Correct
,#VALUE!,,,Singing,,Background,38951C8788F2B6AD06DD9A0E67EAA59E,Correct
,#VALUE!,,,Singing,,Background,E650B3043DCBCCACE061AA96F87F9043,Correct
,#VALUE!,,,Singing,,Background,8F044A317758028B55155ED57D773D0D,Correct
,#VALUE!,,,Adventures,,Background,462D12D96BE5BB6DCFA176527E67317A,Correct
,#VALUE!,,,Adventures,,Background,DF7C44F5D37C2F9CC8C8B4CFB23AB7DF,Correct
,#VALUE!,,,Adventures,,Background,2032256C2D4C296E4249ECAB861A5B53,Correct
,#VALUE!,,,Adventures,,Background,4EAF222AAA755988612B14033151A359,Correct
,#VALUE!,,,Adventures,,Background,AAF91BA7CC36C218F46FB4B25239F1AB,Correct
,#VALUE!,,,Adventures,,Background,70029A31DAEFBA0B0B4D100315BDC505,Correct
,#VALUE!,,,Videogames,,Background,3078970D5757939226D238FC964A1F2C,Correct
,#VALUE!,,,Videogames,,Background,9678A84ED060DC75EDA90459867D6FC2,Correct
,#VALUE!,,,Videogames,,Background,9A5B7BA34F532702B9864FED4A1D7ECF,Correct
,#VALUE!,,,Videogames,,Background,4969E61F8D002D2359AFC7EE7E500FB1,Correct
,#VALUE!,,,Videogames,,Background,6B42B0E5691279892DD4600C38102268,Correct
,#VALUE!,,,Experiments,,Background,879F02D132ECF33DB1C6E3E436847284,Correct
,#VALUE!,,,Experiments,,Background,9AA65A7A07E26CB60C9AF9C2B98F9D75,Correct
,#VALUE!,,,Experiments,,Background,BA13242654F899F90FA21986033B493E,Correct
,#VALUE!,,,Experiments,,Background,14B5A92A9C4E502FADEF04FD521A4B8A,Correct
,#VALUE!,,,Experiments,,Background,DDDECC249344B970DD0CFCFB17DEDA61,Correct
,#VALUE!,,,Experiments,,Background,89C9282DC35440CD942C2B3F5C3AFBED,Correct
,#VALUE!,,,Experiments,,Background,F4E8663DC665CE940ADEF7E6236C2486,Correct
,#VALUE!,,,Candy,,Background,C075BB2EB1693D2E3C43ADC0C65AA3E0,Correct
,#VALUE!,,,Candy,,Background,78EC2B0FE90C7B7F228636703E0C1524,Correct
,#VALUE!,,,Candy,,Background,1ABDEF5672CFEECABBFD9B20D4AFFFD2,Correct
,#VALUE!,,,Candy,,Background,23BE228251A531ABABF999A75033BD6B,Correct
,#VALUE!,,,Candy,,Background,0647440BB434944CE17A983C60A9DB76,Correct
,#VALUE!,,,Candy,,Background,6BDA703185767F143D32E550ADCE8FB5,Correct
,#VALUE!,,,Candy,,Background,26E3366668A8A856646617AB04F942A5,Correct
,#VALUE!,,,Nature,,Background,D37693A18D40F70A38434E355FCE8B9F,Correct
,#VALUE!,,,Nature,,Background,0E522AEE54606CEEA459F254022DE271,Correct
,#VALUE!,,,Nature,,Background,E439CB732933F16B35F2039A1970C54D,Correct
,#VALUE!,,,Nature,,Background,C8F6848DABE37FB5568D4D6447BD0FCA,Correct
,#VALUE!,,,Nature,,Background,DEB49F6950D6E8D9F864BCAEEE608FD2,Correct
,#VALUE!,,,Nature,,Background,724C4A6A06D5938F73E63950D39CDE07,Correct
,#VALUE!,,,Science,,Background,282C32AF1E25C4991BEEF911FDE06AEE,Correct
,#VALUE!,,,Science,,Background,2951D4D4E56114561F5D491FA16403EC,Correct
,#VALUE!,,,Science,,Background,FB269DB53F8177513D7B509514855076,Correct
,#VALUE!,,,Science,,Background,7334E2579C8C8B88E025B0D3BCF22E55,Correct
,#VALUE!,,,Science,,Background,C2A151BEF245F2A601282391DDA77881,Correct
,#VALUE!,,,Science,,Background,8C2BE4A70224D8E1E563236A48396097,Correct
,#VALUE!,,,Science,,Background,BEA59F8F3E162D2A1CE48529BD1DFE0F,Correct
,#VALUE!,,,Cartoon monsters,,Background,6FF364A37AF749E2AC98665E693F37B2,Correct
,#VALUE!,,,Cartoon monsters,,Background,53739C197AFBF2A83A484F3970D40235,Correct
,#VALUE!,,,Cartoon monsters,,Background,3D0E008BEF11E4D740534AB7F8C0AF74,Correct
,#VALUE!,,,Cartoon monsters,,Background,B2C85BAFA117C7F71037C62BECF71364,Correct
,#VALUE!,,,Cartoon monsters,,Background,B3C3A221540690BBF6149B1E69E44588,Correct
,#VALUE!,,,Cartoon monsters,,Background,524456E3DBFF49D4AA9BC64C779D5E48,Correct
,#VALUE!,,,Cartoon monsters,,Background,6CE3E29179AF6C6E5A06911495A09C03,Correct
,#VALUE!,,,Cartoon monsters,,Background,480C2CC0CC7085E0F5741E302E44ACEA,Correct
,#VALUE!,,,Cartoon monsters,,Background,9354E26E7FA26636B3C357A2C0347BB2,Correct
,#VALUE!,,,Cartoon monsters,,Background,865D2DB2B5BD423044861A1203300B74,Correct
,#VALUE!,,,Cartoon monsters,,Background,7C8C31B067DA228B2ECD04CA421FC7F1,Correct
,#VALUE!,,,Cartoon monsters,,Background,4682E0DA5C831EC0EC57C6E53F10D089,Correct
,#VALUE!,,,Cartoon monsters,,Background,DA0F9EC7B447896B2A146A0E05D9C2A9,Correct
,#VALUE!,,,Dinosaurces,,Background,57722103D8D88BFD4B946B0A9C676B47,Correct
,#VALUE!,,,Dinosaurces,,Background,EADFE8B39A9E3C33519C0A84D59DA902,Correct
,#VALUE!,,,Dinosaurces,,Background,FE466C7B44CB007DC692E1E0BFEDD5B5,Correct
,#VALUE!,,,Dinosaurces,,Background,44C7D6B6B0D7E8AD3BE6775C59D069AA,Correct
,#VALUE!,,,Dinosaurces,,Background,D0CB04B0CB3F9A50BAC43A1FC456D19A,Correct
,#VALUE!,,,Dinosaurces,,Background,2780AF2790D2FF26C5AB8769369946D3,Correct
,#VALUE!,,,Dinosaurces,,Background,E3D70AA3AED60A7A5B456FE70D4DDB42,Correct
,#VALUE!,,,Dinosaurces,,Background,5EE72DA796B516D89E52EC429680CAA1,Correct
,#VALUE!,,,Dinosaurces,,Background,550613F7178ED8CACCD892C0AB9406A2,Correct
,#VALUE!,,,Dinosaurces,,Background,823C5CE59FCDBA8BA5676A19E651F8F5,Correct
,#VALUE!,,,Dinosaurces,,Background,924A59838B6EE24DEF5C3E9B42B7C636,Correct
,#VALUE!,,,Dinosaurces,,Background,50C6698B37E14078249104738821013B,Correct
,#VALUE!,,,Dinosaurces,,Background,043414856CB0D482659583F6225BBB05,Correct
,#VALUE!,,,Dinosaurces,,Background,2E97380B65E23FD4832B87C1D1B93744,Correct
,#VALUE!,,,Dancing,,Background,17DA10D89AEECCB170CA486C7CB92CE2,Correct
,#VALUE!,,,Dancing,,Background,0737FBC891885184F91D3A207A86F88D,Correct
,#VALUE!,,,Dancing,,Background,29081A965B3D4BBF483FF2529A7CBD86,Correct
,#VALUE!,,,Dancing,,Background,FDE4856BC5F029C71A5B2CBD5BE9005C,Correct
,#VALUE!,,,Dancing,,Background,C36C530D222964DE967A69E5DEF4E816,Correct
,#VALUE!,,,Dancing,,Background,00D15179B9A365FF85943B4560F52DC7,Correct
,#VALUE!,,,Dancing,,Background,7C0B117FC012FC822F6211D2E0AA20AD,Correct
,#VALUE!,,,Dancing,,Background,DA17AAD5097DC6536D5C41CCFBEF8CB4,Correct
,#VALUE!,,,Dancing,,Background,29E73C031410482DF02D27080F015351,Correct
,#VALUE!,,,Dancing,,Background,EFA10722A8070DBA5013E9200FCE3294,Correct
,#VALUE!,,,Dancing,,Background,1B1AAD093A8D5B647E3AA1C26FA40590,Correct
,#VALUE!,,,Dancing,,Background,C0818001B1502642604F034EC1C223C9,Correct
,#VALUE!,,,Dancing,,Background,73E4476254781BBC7D322CAAA6941148,Correct
,#VALUE!,,,Magic,,Background,7C85872774A850993168D9827675D3DA,Correct
,#VALUE!,,,Magic,,Background,69AD872A0A1D5AB8982533DA50D4159B,Correct
,#VALUE!,,,Magic,,Background,75DB57621B7837DE91C8C2C40BDA9BB8,Correct
,#VALUE!,,,Magic,,Background,BC37DFDB1B603F19D3CD466BD1F1A432,Correct
,#VALUE!,,,Magic,,Background,FFCE725B2FED63D1858E71A71061ECC5,Correct
,#VALUE!,,,Magic,,Background,DC2C4AB677B5230B6866207D8720B4EB,Correct
,#VALUE!,,,Magic,,Background,DE7DECD1D431BC5A30E3CEFA72192DB1,Correct
,#VALUE!,,,Magic,,Background,508702952E11F19A837208F3226A3139,Correct
,#VALUE!,,,Magic,,Background,2CF33F6443DBEA0C8564FC34DC0BD7A5,Correct
,#VALUE!,,,Magic,,Background,412A5AF3534A6AA3C030D17DBDFB79EB,Correct
,#VALUE!,,,Magic,,Background,DBAF55BE1ADAD160DDFBF4C89FCCB73E,Correct
,#VALUE!,,,Magic,,Background,C5FC66996F74964FE8AF002FC2B2BF5E,Correct
,#VALUE!,,,Magic,,Background,EC1FCAC54495E429B46DCC68C4884EC4,Correct
,#VALUE!,,,Magic,,Background,11879209EB8FB4CD6519A584DED0CAF0,Correct
,#VALUE!,,,Space,,Background,BAA478E09C13E96E4122FB1393ACD214,Correct
,#VALUE!,,,Space,,Background,1CB1672A8C138117E65C0BBA6D5B9EED,Correct
,#VALUE!,,,Space,,Background,18F30A89F39972B9B0EFF689544C5919,Correct
,#VALUE!,,,Space,,Background,D64EC111993B073B81467C0CC9F9EE4E,Correct
,#VALUE!,,,Space,,Background,BD4A14E027F374BAB6D9D79B9E50FCA8,Correct
,#VALUE!,,,Cars,,Background,D534ED1796CA991325CC15C66C5B4D3C,Correct
,#VALUE!,,,Cars,,Background,84CC99B12A485703299A7C5495F9DBC6,Correct
,#VALUE!,,,Cars,,Background,F535AE8DDD80D2A9C8A471969E19ADC3,Correct
,#VALUE!,,,Cars,,Background,B3A968A202FFDF8AC3924C786CB0F67D,Correct
,#VALUE!,,,Cars,,Background,808FBB34CEC9FE10658989EE502B3CDC,Correct
,#VALUE!,,,Drawing,,Background,2D8EBA0547612CEF29F0E823073DA1F2,Correct
,#VALUE!,,,Drawing,,Background,12A2123C2BB4E2ABC46A4CAD7F3A514B,Correct
,#VALUE!,,,Drawing,,Background,0398B00FC708702DE57BB02658A7417B,Correct
,#VALUE!,,,Drawing,,Background,17B112326BBF07F0DEE071A0CB5CDBE5,Correct
,#VALUE!,,,Drawing,,Background,A6DB91A045DF3DA382F3E7302B524ACF,Correct
,#VALUE!,,,Drawing,,Background,ACC4F9602FC7DF7CD9AAC608FC2B7D5D,Correct
,#VALUE!,,,Drawing,,Background,3B9F5FAF3F29C30B219E2B868EE29305,Correct
,#VALUE!,,,Drawing,,Background,C778193129EE47D8205DF3DC0326DC5B,Correct
,#VALUE!,,,Drawing,,Background,B2680AEFF60D57EA136FE4A9897102BA,Correct
,#VALUE!,,,Drawing,,Background,D8B280F39AB56EBCB453DCAE638B64E2,Correct
,#VALUE!,,,Drawing,,Background,937753703A030748DC54CBFE02189B08,Correct
,#VALUE!,,,Builging Blocks,,Background,BDD62B07360FD4B805F8DEDDCFF5A55A,Correct
,#VALUE!,,,Builging Blocks,,Background,DE2C2FE49A94F9A486A446EF0657EB95,Correct
,#VALUE!,,,Builging Blocks,,Background,F5EBAA2179EE21A3BB528EF820EB5670,Correct
,#VALUE!,,,Builging Blocks,,Background,93D9984561EB36399135245422FA9D0B,Correct
,#VALUE!,,,Builging Blocks,,Background,176D2BB4FB0AFAAE0DC6B84E7B83079A,Correct
,#VALUE!,,,Builging Blocks,,Background,0C8586D9AD070CD46106BCCD1517D3E6,Correct
,#VALUE!,,,Builging Blocks,,Background,90EF32FEBDB06A3133AB31F04DB35F82,Correct
,#VALUE!,,,Builging Blocks,,Background,FEBAF6328887387581A74772D847A2C1,Correct
,#VALUE!,,,Builging Blocks,,Background,1D38E803E94C5FE2B67192A3965BDD1C,Correct
,#VALUE!,,,Builging Blocks,,Background,B2BEF99502327DD92E116E4F8EF034F1,Correct
,#VALUE!,,,Builging Blocks,,Background,C163BD3F8C2AA76220BD5D9F52C5F599,Correct
,#VALUE!,,,Animals,,Background,7108264B0673638CB97BCC78EF3D1B69,Correct
,#VALUE!,,,Animals,,Background,58596E5A4DF213F4CB76620F2223436B,Correct
,#VALUE!,,,Animals,,Background,2C6A946359A67511EBCA0A983FB747BD,Correct
,#VALUE!,,,Animals,,Background,5A23958EFAD7E211E07A551C01E2C0C8,Correct
,#VALUE!,,,Animals,,Background,593CEB6FBAF654D78513CA678695F040,Correct
,#VALUE!,,,Animals,,Background,432162A1E96106B21B04126C04ADA4A0,Correct
,#VALUE!,,,Animals,,Background,D23C4EBB433E675259A31A7527F2B406,Correct
,#VALUE!,,,Animals,,Background,98D2260001052B55C2731CCF65FA1ED6,Correct
,#VALUE!,,,Animals,,Background,243CE9FEE53212166BE6B8A14DD3BDA9,Correct
,#VALUE!,,,Singing,,Background,993828C755DDF08CEBE3349440CA7409,Correct
,#VALUE!,,,Singing,,Background,93D65166D9A34DFB7D5255F9AE30D9BE,Correct
,#VALUE!,,,Singing,,Background,24EB91B5346B9309DA091D18AEAB2CCB,Correct
,#VALUE!,,,Singing,,Background,B99325BC60816E49FF19A16A6EB9DB60,Correct
,#VALUE!,,,Singing,,Background,287E1C2EE3A301C6995FBC4A38BAC682,Correct
,#VALUE!,,,Singing,,Background,52041F975868D9B510E9479A754AED9E,Correct
,#VALUE!,,,Singing,,Background,3442A58D11D85BB3572611F0D7257514,Correct
,#VALUE!,,,Singing,,Background,28BDCE76A498AC42F1B40D1AD3F955A4,Correct
,#VALUE!,,,Singing,,Background,ECF0FA7F40DE7F4028B2885658E8E043,Correct
,#VALUE!,,,Singing,,Background,5585BD0C13B1A6FE0A4C02F74F177296,Correct
,#VALUE!,,,Adventures,,Background,7BDB96A494302DA2B799E45744DBAB30,Correct
,#VALUE!,,,Adventures,,Background,E7661F6D79ACF5BE6D147FD2CDD2AC7A,Correct
,#VALUE!,,,Adventures,,Background,7685C86E194B2A30B699F9E8D4C5D5F2,Correct
,#VALUE!,,,Adventures,,Background,13ACAE3CEAC8FB2C761BE7B99DCD38CC,Correct
,#VALUE!,,,Adventures,,Background,AA155C5003BFD4E7A0FEE2C10FD919C2,Correct
,#VALUE!,,,Adventures,,Background,7DCC12BC2485DC39A29FEFB545B4B67D,Correct
,#VALUE!,,,Adventures,,Background,73472507E24BB8A83CF160CDFAF0E847,Correct
,#VALUE!,,,Adventures,,Background,280525056F05D28BA10269595938D42B,Correct
,#VALUE!,,,Videogames,,Background,C799C89F591EBD17075A24CD54658F59,Correct
,#VALUE!,,,Videogames,,Background,49F09C2913EB72223D02F59B3CEBD4FB,Correct
,#VALUE!,,,Videogames,,Background,A4DF9D879CBE376FC951B7E5BA1BA990,Correct
,#VALUE!,,,Videogames,,Background,F930EFC55A039E0EFAD8D27616746428,Correct
,#VALUE!,,,Videogames,,Background,8F8FE5BB3D852C6E83557D1DA4AB7DF1,Correct
,#VALUE!,,,Videogames,,Background,B89EA086B52AB3C7135FEF866A9A1DB1,Correct
,#VALUE!,,,Videogames,,Background,CB5E66731F5346ABB55A0DAEF2CFE068,Correct
,#VALUE!,,,Videogames,,Background,772B17ECA189F43E0ECA9FEFCFF73376,Correct
,#VALUE!,,,Videogames,,Background,90E6B3AE0DCEEB85C8759FCFB7F5AEBD,Correct
,#VALUE!,,,Videogames,,Background,0CB82212BD07A17D7F9780B5AED72FF0,Correct
,#VALUE!,,,Experiments,,Background,A3E2DD8D5D7A722A830AD01877C03085,Correct
,#VALUE!,,,Experiments,,Background,1167703D23240C2F7CC605B86B1C5EF0,Correct
,#VALUE!,,,Experiments,,Background,52BC3C50DDDEEBBED805B29AC34EC164,Correct
,#VALUE!,,,Experiments,,Background,4B74A914C97BEB3A02B63B4CFA4BEB72,Correct
,#VALUE!,,,Experiments,,Background,2B080EB0A55A5450C4E161CA487A35CA,Correct
,#VALUE!,,,Experiments,,Background,1D735492C1C1CE4B5FB8F1EBC75731D4,Correct
,#VALUE!,,,Experiments,,Background,2DCA88C25D4E0C252CBAA93EAF4230E1,Correct
,#VALUE!,,,Experiments,,Background,379E87032A6EA9E134D56E6CB69C6E62,Correct
,#VALUE!,,,Experiments,,Background,D952DE08713F79E2D556C8EAE8174106,Correct
,#VALUE!,,,Experiments,,Background,CEA45697F56E5E3E1E1D8FE080712C88,Correct
,#VALUE!,,,Experiments,,Background,382E4164B2D5C8F113EBF0571664F18D,Correct
,#VALUE!,,,Experiments,,Background,2C095BD52E680879EC721180EB415065,Correct
,#VALUE!,,,Candy,,Background,91EBB90C017FD2EA96B0014810305D2A,Correct
,#VALUE!,,,Candy,,Background,83AAAD29146298E768857FB437C14F57,Correct
,#VALUE!,,,Candy,,Background,B436701F2A84BA71485AE5434C92F19D,Correct
,#VALUE!,,,Candy,,Background,18D01874E6C01036CB57DC1551FA4FCC,Correct
,#VALUE!,,,Candy,,Background,54C12BB42546774DB608E3A6DAC627BE,Correct
,#VALUE!,,,Candy,,Background,C4A342D7DE99D8B978CB3A0C66F93D43,Correct
,#VALUE!,,,Candy,,Background,F1A43D56A43EE7B935D0DA19A0807F22,Correct
,#VALUE!,,,Candy,,Background,E618812CF4409C5253D625722DFB017A,Correct
,#VALUE!,,,Candy,,Background,B76EE26E8D5165D21A4B1AC81895CDB8,Correct
,#VALUE!,,,Candy,,Background,69EDC13712D05E6E354461E682215189,Correct
,#VALUE!,,,Candy,,Background,5011A0488197F1527201ABC9FF527264,Correct
,#VALUE!,,,Candy,,Background,4DBD8542A7EF69C3E51EFB987730BEEB,Correct
,#VALUE!,,,Candy,,Background,AA152E3631F5FA4FEF3324AAFAB88D0A,Correct
,#VALUE!,,,Candy,,Background,284C755240839EDEAD5E81989AE853A4,Correct
,#VALUE!,,,Nature,,Background,7CA62C3215781EC8471886D6B27DFF8D,Correct
,#VALUE!,,,Nature,,Background,256378F6E4E2209FAC12C0159F45A05F,Correct
,#VALUE!,,,Nature,,Background,2B32448C1FFADAB245326B2D019E7A58,Correct
,#VALUE!,,,Nature,,Background,E875D088336D4D965D8C83BE60F64882,Correct
,#VALUE!,,,Nature,,Background,82256C4378EFDE7A61FDC5F466B47B06,Correct
,#VALUE!,,,Nature,,Background,8A331D65389D2E36AA083674B521C9FC,Correct
,#VALUE!,,,Nature,,Background,0211C23EC40E2883EDA2B6FF3F39E98D,Correct
,#VALUE!,,,Nature,,Background,FFBF6C839CEB39DCC7BE28B991BCBE6E,Correct
,#VALUE!,,,Nature,,Background,77B323B21B8292160A731E3A1BFEFCA2,Correct
,#VALUE!,,,Nature,,Background,ACFDDFD9DD0CC3554A4F200A0E602231,Correct
,#VALUE!,,,Nature,,Background,30F7AED7E9198A40A45966C464BCA23A,Correct
,#VALUE!,,,Nature,,Background,922833CEDBBE4CAB5FE7DB4AECFC9CDE,Correct
,#VALUE!,,,Nature,,Background,467BFED53F64D1400CCB83C51C0EB9A4,Correct
,#VALUE!,,,Nature,,Background,2D632728D17D4C9E48685FCE125E43EA,Correct
,#VALUE!,,,Nature,,Background,AB5081FBC773CFF19D9292618395BAD4,Correct
,#VALUE!,,,Science,,Background,FFC44433AF343DDF50F6E132D0AE5895,Correct
,#VALUE!,,,Science,,Background,6A1CB5366002051F2BDCD3998D73ED49,Correct
,#VALUE!,,,Science,,Background,B06C4DB94A439D9187060E8A80215F5E,Correct
,#VALUE!,,,Science,,Background,2441312852AC3B37C3D60B7C837FC493,Correct
,#VALUE!,,,Science,,Background,5646847601986ADB84BB715BE66E8A94,Correct
,#VALUE!,,,Science,,Background,403ACB42DD0871C53271B8B89446F3C6,Correct
,#VALUE!,,,Science,,Background,B5841AFB2897AC6796824A3A0F0479B2,Correct
,#VALUE!,,,Science,,Background,CC3D60D7C4812976A250DE71BB8471A6,Correct
,#VALUE!,,,Science,,Background,B1A87D8D43121ADDDF24B1226F2A725E,Correct
Cat,Кот,,CVC,,,Object,D53423C65DAC638027CB834011F99EDB,Correct
Dog,Собака,,CVC,,,Object,18BE638A4403AA8B49719BFA5D309485,Correct
Hat,Шапка,,CVC,,,Object,BEF42F1A4FA3CE58B43C717203E884C8,Correct
Box,Коробка,,CVC,,,Object,C32C70E2AECE2A801284A1FD56A0CAF4,Correct
Bat,Летучая мышь,,CVC,,,Object,48D76DFEE8C0F88BC5510B60FE5BEDCE,Correct
Mat,Мат,,CVC,,,Object,B791EFAC9714B3FC596871BEB01CF537,Correct
Bus,Автобус,,CVC,,,Object,31F046F83D6DAA3E7C291C981A36CAE9,Correct
Pot,Горшок,,CVC,,,Object,F2D7B1DE2BCC84EE5B54786B1DAD68F0,Correct
Fan,Вентилятор,,CVC,,,Object,46CAD5144A253E975905F7AA04B0E433,Correct
Doc,Док,,CVC,,,Object,21402C47963A4205FAB2FF50C7522FB3,Correct
Jar,Банка,,CVC,,,Object,32F72393E7A33CACE255766C2F8C3AFD,Correct
Vet,Ветеринар,,CVC,,,Object,03581A69C6F3D90E3ADF54B805D8E49E,Correct
Bed,Кровать,,CVC,,,Object,0E4264A5F620CD6CC0FD191CB1BFF7D9,Correct
Pen,Ручка,,CVC,,,Object,612992338B3B9BD7586E4961D810043F,Correct
Fox,Лиса,,CVC,,,Object,91197D57A0B612051858A066CBF55DB2,Correct
Car,Машина,,CVC,,,Object,1D518A39F580D9976609BEE0C20A1D4E,Correct
Cap,Кепка,,CVC,,,Object,F3F57375ECB7DED58DE8985250483F6C,Correct
Van,Фургон,,CVC,,,Object,A4E1E50CC3A722E3577BD557BCDB7BD5,Correct
Hut,Хижина,,CVC,,,Object,35502C9F15AE90E816CFFA12989E6B7A,Correct
Lid,Крышка,,CVC,,,Object,9A1F3A34B85ECFF14A74BED560721235,Correct
Fog,Туман,,CVC,,,Object,733BCDD3D590244242050A730976C2C3,Correct
Rat,Крыса,,CVC,,,Object,0875B8A50B742F97FC7780C368B05AD6,Correct
Log,Бревно,,CVC,,,Object,9311325547C4149711DD7F44B2D7983B,Correct
Jet,Самолет,,CVC,,,Object,29A7340B06FBFF2E58842136BAED3E47,Correct
Frog,Лягушка,,CCVC,,,Object,CEBA779A4C56C166C66E6319125F7AF4,Correct
Drum,Барабан,,CCVC,,,Object,DE5BA10A767521E3B17663FA1279129C,Correct
Flag,Флаг,,CCVC,,,Object,CEFA7FC52B63F140FC200992F86F0C26,Correct
Tree,Дерево,,CCVC,,,Object,8F54EFD0C8C7DF6AB83B621857E826C3,Correct
Plug,Затыкать,,CCVC,,,Object,00676A0A1D5BEBF7DDBE7D1CF9DD323C,Correct
Star,Звезда,,CCVC,,,Object,D357207D3BF9D687B2C9535D5D6610EF,Correct
Spin,Вращаться,,CCVC,,,Object,334EFD08C1B2246C08B202C9184EFC45,Correct
Crowd,Толпа,,CCVC,,,Object,B8572EDE516B7941E22035D173468278,Correct
Brick,Кирпич,,CCVC,,,Object,51C2CB39A57E9638F9E5698297695AF7,Correct
Clown,Клоун,,CCVC,,,Object,67C24026C59D47EA5F1F77D7F4BF663A,Correct
Shop,Магазин,,CCVC,,,Object,6630FB90DA031C8C9288C2A1CEE58A6F,Correct
Plant,Растение,,CCVC,,,Object,B630348E636CCD4995237560EA4B58D6,Correct
Truck,Грузовик,,CCVC,,,Object,48810F09A8E6F6912A11F56A27B8BF8E,Correct
Stick,Палка,,CCVC,,,Object,541FFA0D386A2619A6381E001D385F3D,Correct
Grass,Трава,,CCVC,,,Object,460D1CD88327AC10E079A30772FA0994,Correct
Brush,Щетка,,CCVC,,,Object,F5F27647AB671F3DFD9A9D696D805E8A,Correct
Desk,Рабочий стол,,CCVC,,,Object,65D2BA4B2BDC7468934654AD7556A29E,Correct
Skirt,Юбка,,CCVC,,,Object,EFD6E2E3F9084D16EA16B65DEF8851A1,Correct
Snow,Снег,,CCVC,,,Object,DD058962950A065144185759C7AB13DD,Correct
Skin,Кожа,,CCVC,,,Object,D556795C872D83C27B6FB95A949D3F31,Correct
Blow,Дуть,,CCVC,,,Object,A604C52EDD9713B5C39DE0130507A86A,Correct
Duck,Утка,,CVCC,,,Object,02B391022F0663ECF3BD4FC9C0168CFD,Correct
Milk,Молоко,,CVCC,,,Object,EAE5DAFCB8D660221B64BE19C9F521A0,Correct
Ball,Мяч,,CVCC,,,Object,484BCB38E6EBBBB23D562563186B8D7A,Correct
Lamp,Лампа,,CVCC,,,Object,A2F462079A3A9F9FBA5B93611E1A68C7,Correct
Jump,Прыгать,,CVCC,,,Object,F06656C76C1651C9951D612AC14A422E,Correct
Bell,Колокол,,CVCC,,,Object,811CC49AB7EE7FFA17F0059269CE436A,Correct
Rock,Камень,,CVCC,,,Object,7FC6A13845C70B07952AD5B409B3CF93,Correct
Desk,Рабочий стол,,CVCC,,,Object,6FA8B16A6F3F67E05B9FC406C875A47B,Correct
Tent,Палатка,,CVCC,,,Object,0C1E9D24EC3CABD2F2492E08567A71C2,Correct
Corn,Кукуруза,,CVCC,,,Object,F1E62B30CCAC6A90E5D417E56C65162B,Correct
Wolf,Волк,,CVCC,,,Object,3135A58FCD9C37E17BA68BF0723D7794,Correct
Pond,Пруд,,CVCC,,,Object,24BB004BF1A916EF0C912191AAD8E296,Correct
Ink,Чернила,,CVCC,,,Object,94A01086BF4655E95A870D6C48C74FFF,Correct
Sink,Раковина,,CVCC,,,Object,D27E6C545D5B59F68771CC9DA29E449E,Correct
Fast,Быстрый,,CVCC,,,Object,592E03CDF7276FA8AFD5EA3CDD49DF4D,Correct
Bank,Банк,,CVCC,,,Object,A9C7C833317BB5C0AF67F51AB6900DCD,Correct
Soft,Мягкий,,CVCC,,,Object,8EC8BCB2387B17F4F58555FA16135611,Correct
Lock,Замок,,CVCC,,,Object,F2AEEB9F6A1E2AD767F9BD9ECD6CA9AE,Correct
Belt,Пояс,,CVCC,,,Object,A9F7303551D574C0A844982BD3E92AE8,Correct
Wind,Ветер,,CVCC,,,Object,4636CAB3E08B47ED889DB6C29DBBF887,Correct
Fork,Вилка,,CVCC,,,Object,C10FC8336BC6EF376816D347C282C6C8,Correct
Moss,Мох,,CVCC,,,Object,E548AB33AB6A0945A5130F29FABE4FBF,Correct
Mask,Маска,,CVCC,,,Object,ACD89E2BD850D4B422DF90C376CD04CA,Correct
Farm,Ферма,,CVCC,,,Object,04096F89E8851558AC1CA15FD09AAC1E,Correct
Truck,Грузовик,,CVCC,,,Object,0CBACD4A833A2FE053D4B102D0B430FA,Correct
Ring,Кольцо,,CVCC,,,Object,E3064F690F256B50092FCC75C9BC4F3B,Correct
Park,Парк,,CVCC,,,Object,D37BB66BE07953F0F4F122D10F15B137,Correct
Camp,Лагерь,,CVCC,,,Object,31E89A99E3F56536FD8F6C69EBECE6AC,Correct
Plant,Растение,,CVCC,,,Object,2EBED942D0EEBF131FE70FD2D6053A2B,Correct
Cake,Торт,,CVCe,,,Object,B9CD7E27F304B8B4F86C44B1512C9030,Correct
Bike,Велосипед,,CVCe,,,Object,75AE8E143197258D6C5E52B52916C293,Correct
Home,Дом,,CVCe,,,Object,0280C63E1C0022B9D60AED225CBDC33E,Correct
Mule,Мул,,CVCe,,,Object,01B9B8B508ADCC7F08DF700B58CD2D19,Correct
Hike,Поход,,CVCe,,,Object,B7D03E2AD35AD52E7F4BA8505191F4ED,Correct
Cube,Куб,,CVCe,,,Object,A03B5E4CA8939807C9FF2257258B9EB5,Correct
Rose,Роза,,CVCe,,,Object,FA3CAA2963922A871C1C6604044FCF7D,Correct
Bone,Кость,,CVCe,,,Object,21AF46CDE57269C53A6527FB3AA8EC53,Correct
Face,Лицо,,CVCe,,,Object,EC31E8543DE9133ED01EF9D0CB89FFEB,Correct
Rope,Веревка,,CVCe,,,Object,62FDBF2AA8A9A324132B2D7EDA4B986D,Correct
Cane,Тростник,,CVCe,,,Object,5F1CE255F85B46A968EFDCFED32D52F2,Correct
Rake,Грабли,,CVCe,,,Object,A208B83BF0016A0A16A84383ECEEFFF7,Correct
Nine,Девять,,CVCe,,,Object,D378F2D755C17C0B568EA43381412FBD,Correct
Gate,Ворота,,CVCe,,,Object,2A4FB63A55B6AC5B0CD67C622CE39782,Correct
Pine,Сосна,,CVCe,,,Object,F662B759D3812D3E7D5BA31A54001B21,Correct
Tube,Трубка,,CVCe,,,Object,812AE5DE69D0E5C1C3BC48AE05B74D61,Correct
Vine,Виноградный,,CVCe,,,Object,2F882CA071CD5B55AA6A37C0F7B8890C,Correct
Zone,Зона,,CVCe,,,Object,FC95C59B09EE1E5A84402728BEB089B9,Correct
Page,Страница,,CVCe,,,Object,D2FA9FFA3AA0C24243CC37B725D10E57,Correct
Ripe,Спелый,,CVCe,,,Object,15EE65C22F4317993CFA7365357AB7BF,Correct
Time,Время,,CVCe,,,Object,8C1055142020D170271E394F4373BF79,Correct
Vase,Ваза,,CVCe,,,Object,671805D8A945F7083C540D1DA1D4D668,Correct
File,Файл,,CVCe,,,Object,7057D0877B46FE5CDD2D7FD50FAFDDE1,Correct
Knife,Нож,,CVCe,,,Object,70A3B138FBA9E43FCC5EE77325EB7BAB,Correct
Lane,Переулок,,CVCe,,,Object,F199EF24A50826509666CA7BE990168A,Correct
Duke,Герцог,,CVCe,,,Object,513AEA09B9F23FB22F532B0613A39154,Correct
Hive,Улей,,CVCe,,,Object,2194B63F89481C276F1692831458C351,Correct
Boat,Лодка,,Diphthong,,,Object,32D573EA8156EBCB02EF305433490246,Correct
House,Дом,,Diphthong,,,Object,12922BCE631787483D49471F36F4D6CD,Correct
Mouse,Мыши,,Diphthong,,,Object,AEF69BCE808BAF10CEC8DAD13018F5A5,Correct
Juice,Сок,,Diphthong,,,Object,70703D1597520524ACC9CA728D9E934C,Correct
Toy,Игрушка,,Diphthong,,,Object,766DB0AE156931C964CDCB18F38ADF8F,Correct
Hair,Волосы,,Diphthong,,,Object,008A0E9D5CA9FF5B08FCC600787FBE80,Correct
Chair,Стул,,Diphthong,,,Object,8FED92895E83061A5B4983129EEDCFA3,Correct
Train,Тренироваться,,Diphthong,,,Object,0A9E1F85F75A74A202B29F0AB874481A,Correct
Cake,Торт,,Diphthong,,,Object,E49D890D039B88BECFB611DA8F1B8BC1,Correct
Joy,Радость,,Diphthong,,,Object,87D75AA4B27F0FDFB76D114E4CB3786E,Correct
Snow,Снег,,Diphthong,,,Object,60E874D6579A60F485E080F4BB99EA26,Correct
Coat,Пальто,,Diphthong,,,Object,26302F0800204CFC5621919D91A00FCC,Correct
Sea,Море,,Diphthong,,,Object,6D5422FFDE6FC7B305A7D4DB77150CEA,Correct
Chair,Стул,,Digraph,,,Object,4C15F52B71BB309D201E8215B46ED378,Correct
Ghost,Призрак,,Digraph,,,Object,93B02C6C27EB7B6FD9CA80D767ABC939,Correct
Shower,Душ,,Digraph,,,Object,9309405D72CE6E614386BBD1B99EF68C,Correct
Shoe,Обувь,,Digraph,,,Object,0A29513732915D10D55FCD3C372C656E,Correct
Tooth,Зуб,,Digraph,,,Object,C8BC3F158B81C9EB1265CE7F0371AE47,Correct
Graph,График,,Digraph,,,Object,8BD16B94DEFAC97FAF0162A75950C696,Correct
Cheese,Сыр,,Digraph,,,Object,730AB747EB2948FCDDDB1504556BBC2F,Correct
Thief,Вор,,Digraph,,,Object,D333DA368558CAABD58FF7FF79DC4C10,Correct
Wheat,Пшеница,,Digraph,,,Object,C8814048D9817BF12A718B2CA44CBC0B,Correct
Photograph,Фотография,,Digraph,,,Object,B2EAA0C5872450437DDC7204F2E4B291,Correct
Elephant,Слон,,Digraph,,,Object,B642EEFEE540A5079C8935D85DF54E93,Correct
Light,Свет,,Digraph,,,Object,970CAE2A1720FA845C0FCCF5BD05F881,Correct
Flight,Полет,,Digraph,,,Object,577537DE1EC3B1424182D8F8C170271D,Correct
Mouse,Мыши,,WordsStartingWithLetters,,M,Object,F6EF3901A2F3ED9E4098A47340E29233,Correct
Bottle,Бутылка,,WordsStartingWithLetters,,B,Object,50FB66C19661B6B33DD0BEDB29AD1355,Correct
Duck,Утка,,WordsStartingWithLetters,,D,Object,CDC6B0051E4114E7C3BC768351921A4E,Correct
Dog,Собака,,WordsStartingWithLetters,,D,Object,730A4A9737885B15FC5F5DB47CC358F7,Correct
Hat,Шапка,,WordsStartingWithLetters,,H,Object,8F57A344DD9D152C9D5B90F6BD0D7D49,Correct
House,Дом,,WordsStartingWithLetters,,H,Object,AFAE34C66CF0065490C6DBEEE1334D6A,Correct
Nap,Вздремнуть,,WordsStartingWithLetters,,N,Object,F0863339893FD808CA3D7F65ADEFF04E,Correct
Nut,Орех,,WordsStartingWithLetters,,N,Object,100A6E54C9901AF13C264C1FA161E788,Correct
Mama,Мама,,WordsStartingWithLetters,,M,Object,969F8D7D7C35F316196D76011DF9C12D,Correct
Puppy,Щенок,,WordsStartingWithLetters,,P,Object,F67061E51456F844EE63CFD5B625494F,Correct
Piglet,Поросенка,,WordsStartingWithLetters,,P,Object,C0BF8308C98DBDD31229BDF1F42B7D47,Correct
Quack,Крякать,,WordsStartingWithLetters,,Q,Object,AB5801A217984836C0DCC80DC84F595B,Correct
Queen,Королева,,WordsStartingWithLetters,,Q,Object,025733C7432B3DD3D74DCEB0E22CB1AB,Correct
Quiet,Тихий,,WordsStartingWithLetters,,Q,Object,8B50CA393EEDBE0F7C6927654B23BC24,Correct
Insect,Насекомое,,WordsStartingWithLetters,,I,Object,58146A6405374BC6C0A688D2A60B61FE,Correct
Iceberg,Айсберг,,WordsStartingWithLetters,,I,Object,D3A44D872CFD052F6DB16CDD39077131,Correct
Juice,Сок,,WordsStartingWithLetters,,J,Object,95AB372C89CF1384892E0D65887514FD,Correct
Jacket,Куртка,,WordsStartingWithLetters,,J,Object,0063B71CE8A8A091A4113C6707A0C5A1,Correct
Flower,Цветок,,WordsStartingWithLetters,,F,Object,B8C046483048D5FCED67ACECA7A3DB1E,Correct
Toy,Игрушка,,WordsStartingWithLetters,,T,Object,B8DA7119070D8ED2C32F5375519B2ADC,Correct
Teddy,Тедди,,WordsStartingWithLetters,,T,Object,3D03172095B473E9193F131ABC34C6AE,Correct
Panda,Панда,,WordsStartingWithLetters,,P,Object,4FA00A9CB193BBE7EC1B4F5DA8985BE0,Correct
Plant,Растение,,WordsStartingWithLetters,,P,Object,3D46C7AF2A85C47B44A4A6411740A056,Correct
Plate,Тарелка,,WordsStartingWithLetters,,P,Object,ABC48C3CA8FD8B3089DAEE221D517BC1,Correct
Quilt,Одеяло,,WordsStartingWithLetters,,Q,Object,A6B3276EEDDA06D5A257E1972760E71F,Correct
Quiz,Контрольный опрос,,WordsStartingWithLetters,,Q,Object,7B270B669959C2F36E43646F1021CD4A,Correct
Quail,Перепела,,WordsStartingWithLetters,,Q,Object,EB524206144F30696F5B4C43622F2732,Correct
Quad,Квадратный,,WordsStartingWithLetters,,Q,Object,3E555722542ABF2F80A1C7BBD16A61F3,Correct
Quartz,Кварц,,WordsStartingWithLetters,,Q,Object,5B32C8419AD397814FE923CB78D867D1,Correct
Map,карта,,WordsStartingWithLetters,,M,Object,17C9817EAE968057FE92B8E34112C2F4,Correct
Mug,Кружка,,WordsStartingWithLetters,,M,Object,CF15DB9D874EC7F669A600F62AD649D4,Correct
Mat,Мат,,WordsStartingWithLetters,,M,Object,8D9836060051748167851E2CAD9E7BB6,Correct
Mint,Мята,,WordsStartingWithLetters,,M,Object,7B77633477D85CFC8849931E96D70DCD,Correct
Nanny,Няня,,WordsStartingWithLetters,,N,Object,51BD882744EEA24601A7E52296288244,Correct
Bee,Пчела,,WordsStartingWithLetters,,B,Object,BB9D791364941A8D8EDB63ABD24965AE,Correct
Book,Книга,,WordsStartingWithLetters,,B,Object,2C293CBB4A4E20B166AADE9DE647D8AC,Correct
Drum,Барабан,,WordsStartingWithLetters,,D,Object,4A64E2405C2DEC844C0E2AA39D984F19,Correct
Donut,Пончик,,WordsStartingWithLetters,,D,Object,00C2190ABF605689591745F38B17AEF3,Correct
Hive,Улей,,WordsStartingWithLetters,,H,Object,8164C3219B5A6462EFB9F88E1F7B94FF,Correct
Herb,Трава,,WordsStartingWithLetters,,H,Object,F63645FC4294130BFD069A83094F821B,Correct
Hill,Холм,,WordsStartingWithLetters,,H,Object,A4DD82389D24B1EBC88ECE627C1536D9,Correct
Jam,Варенье,,WordsStartingWithLetters,,J,Object,3FEDB5FFC72E0297BC8182673421EFAC,Correct
Jar,Банка,,WordsStartingWithLetters,,J,Object,CA0FDE45E43D4C682D27FA1FB45D9571,Correct
Jet,Самолет,,WordsStartingWithLetters,,J,Object,678FB82CD4EAF0BEB208A6A29EF1F4E6,Correct
Jeep,Джип,,WordsStartingWithLetters,,J,Object,F15035CAF21F3826188F2DB119C47B1B,Correct
Fox,Лиса,,WordsStartingWithLetters,,F,Object,C73786A647A4C9B6D16A48E1951A034A,Correct
Fork,Вилка,,WordsStartingWithLetters,,F,Object,52F3E5874DB9C865873FC95ADE7B72E2,Correct
Foot,Ступня,,WordsStartingWithLetters,,F,Object,7F159A3FD88E46A427DDF8E75916524C,Correct
Tiger,Тигр,,WordsStartingWithLetters,,T,Object,0E9B1E682F898CFE9DB7E62F5D7CC459,Correct
Tub,Ванна,,WordsStartingWithLetters,,T,Object,B7EA06FB63944A1F1C409C2E98CFEA4A,Correct
Wagon,Повозка,,WordsStartingWithLetters,,W,Object,90E5AFC025F9F77D91A836ABAF7CCEBE,Correct
Watch,Смотреть,,WordsStartingWithLetters,,W,Object,9A908FD4F2D03179FC75FF4357263CAE,Correct
Wife,Жена,,WordsStartingWithLetters,,W,Object,B405D3CADDDCAAFADE2EA7C4DB111BDE,Correct
,#VALUE!,,,Cartoon monsters,,Object,57696842904E70F80F2062BE0609029E,Correct
,#VALUE!,,,Cartoon monsters,,Object,4DEFA1CA08D17AF512B915B6E409A8C1,Correct
,#VALUE!,,,Dinosaurces,,Object,833ACCE3F78268F015EA6D92CE50B499,Correct
,#VALUE!,,,Dancing,,Object,77359B82374830ADB305FEE399760131,Correct
,#VALUE!,,,Dancing,,Object,142BD2683AE466F2ECF56A8CD964ECA6,Correct
,#VALUE!,,,Magic,,Object,F2CB8BF3EFC8BFFD32643C6296A424E0,Correct
,#VALUE!,,,Magic,,Object,016802FEB3868DD48937BDFCE83AB9A0,Correct
,#VALUE!,,,Space,,Object,031DA67D5FCE9FE0586D0629F85E72E0,Correct
,#VALUE!,,,Space,,Object,5A505F82089833FE549A4DA56DE9E99B,Correct
,#VALUE!,,,Space,,Object,2B01364AF2DD3A48FCFE1A0A502E2872,Correct
,#VALUE!,,,Space,,Object,CC7D9FD72E677BB131C3DA0D6694DC65,Correct
,#VALUE!,,,Cars,,Object,9934F846E68B9AC395C46A6A2DDC29DC,Correct
,#VALUE!,,,Drawing,,Object,8283DBEFD4A387BBF21446074A0DB98C,Correct
,#VALUE!,,,Builging Blocks,,Object,3FB23112AEB8C534450D37867A5DBC61,Correct
,#VALUE!,,,Animals,,Object,8F79148B487E89AA5CC24078D7F19DCE,Correct
,#VALUE!,,,Animals,,Object,5FC748143E16E91FB6328F63DDD3B6BC,Correct
,#VALUE!,,,Singing,,Object,2752B2BC80B71CB2C4EB2438B3A1CB20,Correct
,#VALUE!,,,Singing,,Object,B3AB1ABEC52AFD709BAC957DCA5376EB,Correct
,#VALUE!,,,Adventures,,Object,445DC85358819501B8C0F8CF0CF9114C,Correct
,#VALUE!,,,Adventures,,Object,0B2A635F4EB93BCB8C0998E12DB266A0,Correct
,#VALUE!,,,Videogames,,Object,829D2F2EA9B1FB5E0A22D4546D14F473,Correct
,#VALUE!,,,Videogames,,Object,B521F6412B8AB2063A37A6B07329E231,Correct
,#VALUE!,,,Experiments,,Object,8E59EEB174F48E726B13DAD70101CA86,Correct
,#VALUE!,,,Experiments,,Object,94DAFCD4BEAC47E0E676307CD2206E15,Correct
,#VALUE!,,,Candy,,Object,E6A8B9B466A6E3C2BE6BF7A157F8EC65,Correct
,#VALUE!,,,Nature,,Object,FABC2CFF0DE6899A5D5A3CE5213FE316,Correct
,#VALUE!,,,Science,,Object,ABB9E1CBB9BC406FD97CDE56F12CBFC2,Correct
,#VALUE!,,,Science,,Object,4F96D6AF0EC9D08E6FDAD3F325A5D496,Correct
,#VALUE!,,,Cartoon monsters,,Object,0E68D971369FAECD51AADC54407F846E,Correct
,#VALUE!,,,Cartoon monsters,,Object,3CCCF911C328A2E93E16B176B5190089,Correct
,#VALUE!,,,Cartoon monsters,,Object,03B5C54D8031639455075761FA8221D1,Correct
,#VALUE!,,,Dinosaurces,,Object,C2462CB06F71FA953E1785461DFC57B8,Correct
,#VALUE!,,,Dinosaurces,,Object,13C8A336394AE391E9C5F9488508EB78,Correct
,#VALUE!,,,Dinosaurces,,Object,E786AE0263A316741581DD93408CD45D,Correct
,#VALUE!,,,Dancing,,Object,C76AC90E892856983357E2D4DCA2CE51,Correct
,#VALUE!,,,Dancing,,Object,684128CE9A7C3287B26DF763DBDF9828,Correct
,#VALUE!,,,Dancing,,Object,BF14A99C997456BC20BA7FDDB8117B55,Correct
,#VALUE!,,,Dancing,,Object,DAC2B56AA25F3A9A146A1A62517B5A7D,Correct
,#VALUE!,,,Magic,,Object,0E09446B33BBE9C374F67D41D2461F6E,Correct
,#VALUE!,,,Magic,,Object,C30FCD60EAAA9EBEE215FDAB4E95D3CD,Correct
,#VALUE!,,,Space,,Object,743F4B51BF47524C42792E1C0B1FA262,Correct
,#VALUE!,,,Space,,Object,64D92A7F54DB0B73E6471E249AAD4AC3,Correct
,#VALUE!,,,Space,,Object,8127E3CCD63DAC48AD30761B63BFB19D,Correct
,#VALUE!,,,Cars,,Object,73FEB36EE321903FA2D3561A51309368,Correct
,#VALUE!,,,Cars,,Object,C40FCB8B180E81CF7A002D45978F3844,Correct
,#VALUE!,,,Cars,,Object,6B2896513F114A9167C9198EBADFA88C,Correct
,#VALUE!,,,Drawing,,Object,1EA5F3968584B5955796136E359F4730,Correct
,#VALUE!,,,Drawing,,Object,D10A0642CB22E7009287CE4BA493FE2F,Correct
,#VALUE!,,,Drawing,,Object,CE4A3E632A559666494FA0F288A155BD,Correct
,#VALUE!,,,Drawing,,Object,59C47441B18134EF6A8D8B1CAEAC2C72,Correct
,#VALUE!,,,Drawing,,Object,E5F4C222F151756B30CE060183966E41,Correct
,#VALUE!,,,Builging Blocks,,Object,F135742F74F8AC971B86AF0E941D4F9C,Correct
,#VALUE!,,,Builging Blocks,,Object,5B5234A023879EC8BA2C1B97E31D3606,Correct
,#VALUE!,,,Builging Blocks,,Object,960C30FA1F40843A4F19F9AF17B444E9,Correct
,#VALUE!,,,Builging Blocks,,Object,4728968AEC1503033C3A448F52E047ED,Correct
,#VALUE!,,,Animals,,Object,871A529B9764F0096B7978BD3807FB56,Correct
,#VALUE!,,,Animals,,Object,F5C2317A1D058EBE548972643683F4DC,Correct
,#VALUE!,,,Animals,,Object,E100A5AD74ED0DE32948AFC2A99C9F16,Correct
,#VALUE!,,,Animals,,Object,FE2495CBAACF71EBA082AC0CB40A1D8E,Correct
,#VALUE!,,,Singing,,Object,803DB0A647B5753032F898B67759674E,Correct
,#VALUE!,,,Adventures,,Object,B92AA10FBB076B59585D53967EF616D4,Correct
,#VALUE!,,,Videogames,,Object,C93C6AA0A339FB71C49C05D2F1019703,Correct
,#VALUE!,,,Videogames,,Object,276860DF9DD9C2E8BF843E05A9F215B9,Correct
,#VALUE!,,,Experiments,,Object,0F0ED812DBA856C1CA272B6B1B177DA2,Correct
,#VALUE!,,,Experiments,,Object,D28D055B85AF15456AB378FD66A2CB24,Correct
,#VALUE!,,,Candy,,Object,484E90E8EA6152EF2B299B418C42A892,Correct
,#VALUE!,,,Candy,,Object,010A2B84854B3BC35D067168B6B6A636,Correct
,#VALUE!,,,Candy,,Object,37C10531DF28727854208D7CEC4B3568,Correct
,#VALUE!,,,Nature,,Object,D12D0DB5E680D3FC61F810665FFA56DA,Correct
,#VALUE!,,,Nature,,Object,59D431E15CC9761236A916FE62724F84,Correct
,#VALUE!,,,Nature,,Object,EA887217A7A5A72CB635CE4DB01C6F2A,Correct
,#VALUE!,,,Science,,Object,13078E27B6EDAB30178507D76063B7C8,Correct
,#VALUE!,,,Cartoon monsters,,Object,48EB102E865060BF855DEACC9849B19F,Correct
,#VALUE!,,,Cartoon monsters,,Object,83823887E78BF017C982F227250EFF17,Correct
,#VALUE!,,,Cartoon monsters,,Object,08863D21E729B57093512738857DC679,Correct
,#VALUE!,,,Dinosaurces,,Object,657FE9C6075B15A6095E9BA26CB24300,Correct
,#VALUE!,,,Dinosaurces,,Object,9D31BE441C1AA82DB0827DE597305692,Correct
,#VALUE!,,,Dinosaurces,,Object,FB51976184436637D5F923E3E82AF879,Correct
,#VALUE!,,,Dinosaurces,,Object,84D3295B590282ABC74EAF70880EFA3F,Correct
,#VALUE!,,,Dinosaurces,,Object,10803844863E3678DB276770CA06303F,Correct
,#VALUE!,,,Dinosaurces,,Object,A6C598DA2AF99B9DC49DC0EDF35EC3D3,Correct
,#VALUE!,,,Dinosaurces,,Object,DF3945042E7FBE96A0F343DEE217B0E9,Correct
,#VALUE!,,,Dancing,,Object,E112D0D198C9F691228B0C8381B39858,Correct
,#VALUE!,,,Dancing,,Object,B37A3687780877DEFCA79DC060FD789A,Correct
,#VALUE!,,,Dancing,,Object,A055F6C6F380BCAA3C4ACFB6E5C13A49,Correct
,#VALUE!,,,Dancing,,Object,9ABF6818289FED94117366B08D1B22DA,Correct
,#VALUE!,,,Dancing,,Object,F66C15406F9A9FDB2FB7C075B9CB4D7B,Correct
,#VALUE!,,,Dancing,,Object,CD49A69AC914F9D36B295111B0E8FBD2,Correct
,#VALUE!,,,Dancing,,Object,9F4605F0F7F85FE93CE15CE166A7C969,Correct
,#VALUE!,,,Dancing,,Object,1BE3ABFB0B183EB40C89C9FEAF8565EE,Correct
,#VALUE!,,,Dancing,,Object,493432C76B5740E8B47152CB998BE198,Correct
,#VALUE!,,,Dancing,,Object,A57E03FF99F34C43048B94C460495DF7,Correct
,#VALUE!,,,Dancing,,Object,0EB7224267892723550E39CD5FDAF609,Correct
,#VALUE!,,,Dancing,,Object,7833B69C2E6A2E984C006C817339D2E9,Correct
,#VALUE!,,,Dancing,,Object,8814152670B1B0F0061D1BF3B43A14D1,Correct
,#VALUE!,,,Magic,,Object,C4E4109067AD46B828739C117C93CC9C,Correct
,#VALUE!,,,Magic,,Object,6F70BFE5611F52257052F878125A5F4C,Correct
,#VALUE!,,,Magic,,Object,FB54B2447CEFB9A7B5F291045393AA57,Correct
,#VALUE!,,,Magic,,Object,7E34678BD742DE69C445844CF30AC1D8,Correct
,#VALUE!,,,Magic,,Object,20C10EC441B4FEA78CBA42099330EE84,Correct
,#VALUE!,,,Cars,,Object,3A2BE1B72CCE2C2C88A0F446EC39E284,Correct
,#VALUE!,,,Cars,,Object,80CCC1B6565D5E7E1DE61CBD3AB2D669,Correct
,#VALUE!,,,Cars,,Object,862F254E0E80F83F683788456922F08C,Correct
,#VALUE!,,,Cars,,Object,E2644A11EDCE64568F0E1F634A21FEB2,Correct
,#VALUE!,,,Cars,,Object,E89E9C7B193C9EA7032D8078169C7B7E,Correct
,#VALUE!,,,Cars,,Object,04301C5986EA76F5EECDA58EE9C404A3,Correct
,#VALUE!,,,Cars,,Object,C21989D5645233B0459124A0E59D5FCF,Correct
,#VALUE!,,,Cars,,Object,C75D1542D4BC9C48ADE7BF748FD7F79C,Correct
,#VALUE!,,,Cars,,Object,8D4775EB8F70E6D81B3AE952F90F83FF,Correct
,#VALUE!,,,Cars,,Object,D1C62862AD619E74B572C9B5F02A030D,Correct
,#VALUE!,,,Cars,,Object,18961D328DA83BB2F75563C3CBD95720,Correct
,#VALUE!,,,Drawing,,Object,AF382B43845E221A477EFED02B01DC2B,Correct
,#VALUE!,,,Drawing,,Object,5002C51B4EB334E0DD20A8EBBCCE9EB3,Correct
,#VALUE!,,,Drawing,,Object,02A85448D026B0A35EE615E26DB6098A,Correct
,#VALUE!,,,Builging Blocks,,Object,7A0ED8A9F0F2761480E0727AD89E9693,Correct
,#VALUE!,,,Builging Blocks,,Object,08D7099307F8DD588A8F6464A22676FB,Correct
,#VALUE!,,,Animals,,Object,1C576FDB5CC08E4F4D7F69D5007CF3BA,Correct
,#VALUE!,,,Animals,,Object,DDE37EA95B120F1D936B331EE29A1D13,Correct
,#VALUE!,,,Animals,,Object,AAB8D510ECFF42DF31C7E7923DC77156,Correct
,#VALUE!,,,Animals,,Object,ECA520C40650806C48ED22AFDA42009F,Correct
,#VALUE!,,,Animals,,Object,4D3A2A8D1D013B4D47FF336014E9D5F6,Correct
,#VALUE!,,,Animals,,Object,2E76A1961BC240FBFF9E49250C71728E,Correct
,#VALUE!,,,Animals,,Object,52D97F93CABD6C063D920C4E21C1414E,Correct
,#VALUE!,,,Animals,,Object,80A35CCFD0080A6DE5CF46D529CFE969,Correct
,#VALUE!,,,Animals,,Object,8CCD5EBED601EBB2D60B1F7C90AD4864,Correct
,#VALUE!,,,Animals,,Object,AD3763CA815D596BFDE88913EFDC5BC4,Correct
,#VALUE!,,,Animals,,Object,3343F4B81CB0E73C8481DFCA464C340B,Correct
,#VALUE!,,,Singing,,Object,67CE41543AB4D486CC3FF1D6A5CF2C4C,Correct
,#VALUE!,,,Singing,,Object,DE07F390E124468748FBA9CA0A9F8272,Correct
,#VALUE!,,,Singing,,Object,3114BF73C0886A565F6CEEFB002DA2E8,Correct
,#VALUE!,,,Singing,,Object,E1B9CB226EAFF4C08BBF7598B5AA88C1,Correct
,#VALUE!,,,Singing,,Object,E6DF4E50E7E796AC06AE301A29365B3C,Correct
,#VALUE!,,,Singing,,Object,4BDC37EDF2D18FA16A1FC447FDC936BB,Correct
,#VALUE!,,,Singing,,Object,8E9F69D94064A98E9D1C45EC6CDA5B78,Correct
,#VALUE!,,,Singing,,Object,9C07982EFC9E442D0AAC3A0D29E784B8,Correct
,#VALUE!,,,Adventures,,Object,A4FDBA00AE56E5B019BE3D7E6F597E33,Correct
,#VALUE!,,,Adventures,,Object,EA37FC0E33814495AA84CF935B562296,Correct
,#VALUE!,,,Videogames,,Object,BB06483F9DD84F9FDB8F640DFF91CF0D,Correct
,#VALUE!,,,Videogames,,Object,3AC81B97040ABF3293A348D0939C3A85,Correct
,#VALUE!,,,Videogames,,Object,1771F0884CB9E476A5B96C6F59F4FE1D,Correct
,#VALUE!,,,Videogames,,Object,3368BB255F7C6768D7A0BA47D0455CE5,Correct
,#VALUE!,,,Videogames,,Object,71675145CFC9EA698E30E07594167079,Correct
,#VALUE!,,,Videogames,,Object,34EB2E09E7F587BB3B2158D92E358036,Correct
,#VALUE!,,,Experiments,,Object,3191C56AFAB11FC89931B4B570DD4E47,Correct
,#VALUE!,,,Experiments,,Object,4E8346FDD8852AA6078F81DC56ADF3DE,Correct
,#VALUE!,,,Candy,,Object,2CC969D6B222FDF812EE38F883C06393,Correct
,#VALUE!,,,Candy,,Object,B6E557F94C8B9A315A9B51581E167E59,Correct
,#VALUE!,,,Candy,,Object,EB16486CA0908A2EE581EF3E75511A6C,Correct
,#VALUE!,,,Candy,,Object,9EA5E863556DF05C0B49CE82B1FD84E2,Correct
,#VALUE!,,,Candy,,Object,ECEA292DA469762413DDD9EFFE90A800,Correct
,#VALUE!,,,Candy,,Object,754C9BF1E724FD5D0EA35D7DF6ED99BD,Correct
,#VALUE!,,,Candy,,Object,E853024E14801490BE4561242B22AEAC,Correct
,#VALUE!,,,Candy,,Object,8926D2AFB27F8CB9AF8B1C69E5CC8FF6,Correct
,#VALUE!,,,Candy,,Object,3EF87945A1A63CE8EF6A74C91D95F938,Correct
,#VALUE!,,,Candy,,Object,5C353482699C609E77B5EAF00192767C,Correct
,#VALUE!,,,Nature,,Object,F95C79EFB6D5E8FA96C1324DB80DDF4D,Correct
,#VALUE!,,,Nature,,Object,7D30F30E9378EB8F71B335592CE06349,Correct
,#VALUE!,,,Nature,,Object,84AF386536059170238808CE35ADAEEC,Correct
,#VALUE!,,,Nature,,Object,815147FB5564B61CF341DB3B1B5E705F,Correct
,#VALUE!,,,Nature,,Object,417EA8976A239AD2927D394757DB1F75,Correct
,#VALUE!,,,Nature,,Object,408D7FCAA402D36B79C0DB5D39F6A992,Correct
,#VALUE!,,,Nature,,Object,B6ECFD2F5F35E67681B02102D9CD1DAD,Correct
,#VALUE!,,,Nature,,Object,587B4CE5C8F43F99276371E3F34FEEBE,Correct
,#VALUE!,,,Nature,,Object,B8609BE7BDD7D724E86A829BBF5DB4B7,Correct
,#VALUE!,,,Nature,,Object,20D7EBF416739B413FB0C4D487BBB527,Correct
,#VALUE!,,,Nature,,Object,DF0CEECB0525FA5A687854FC9F152B86,Correct
,#VALUE!,,,Nature,,Object,251644C59E77B2D90D63D58483236B27,Correct
,#VALUE!,,,Nature,,Object,AB702D22FC345F041C5E7F39F21E465D,Correct
,#VALUE!,,,Nature,,Object,8FA403E7412457B9954632CA7E9DB1CE,Correct
,#VALUE!,,,Science,,Object,CC6B3AA1698BF70A7EB3B6AA923A599F,Correct
,#VALUE!,,,Science,,Object,64C77D5432A9E5663BD2F2C9247A1854,Correct
,#VALUE!,,,Science,,Object,EB70AC2244472BED6C3014DEAB3C4813,Correct
,#VALUE!,,,Science,,Object,85751055EED553DCC778624B7D2DEFD8,Correct
,#VALUE!,,,Science,,Object,20EAF21EBCFC82DD4D16FEDD5364A915,Correct
Rug,Коврик,,CVC,,,Object,87B8E5A1AA564D31392AA24360A055D6,Correct
Lip,Губа,,CVC,,,Object,A9E3D8E20B516256783C488C31191C6B,Correct
Net,Сеть,,CVC,,,Object,D7B3FE898D94A3A84C4406A74937E754,Correct
Sun,Солнце,,CVC,,,Object,B1F23A69E36F4141EA672F250817208E,Correct
Pig,Свинья,,CVC,,,Object,B1E4B10FC10CF3F98DCB48CB1EDDAAF1,Correct
Zoo,Зоопарк,,CVC,,,Object,335FC89355A1E53FC54DB25F6A5BE9B5,Correct
Leg,Нога,,CVC,,,Object,9AF0B5B1821D270A423EC0F6726BDFDE,Correct
Wag,Ваг,,CVC,,,Object,242F834ABEA94FB826BEE9E7BF855C59,Correct
Jam,Варенье,,CVC,,,Object,37802EA235C56A26BC736569DF77C96E,Correct
Hen,Курица,,CVC,,,Object,9B195B0673FCF57116751FCE15F707E8,Correct
Wig,Парик,,CVC,,,Object,488B89E21B29D6E9BCFDB556750C8176,Correct
Bun,Булочка,,CVC,,,Object,04BECCB0BD7ECA2A18A681E60ACAC6DD,Correct
Zip,Молния,,CVC,,,Object,8397B8EB8C11CFFF58DD48571B68ECC3,Correct
Ant,Муравей,,CVC,,,Object,B38EDC9C77DC63F0CF32BFBB0DB69196,Correct
Gum,Жвачка,,CVC,,,Object,E17F7D8A367B0B01591FFD5F3083DDFF,Correct
Kit,Набор,,CVC,,,Object,1AA799947B3E26D67C3206A35AAEECE0,Correct
Cup,Чашка,,CVC,,,Object,962FC1189609A8870557B2DF564A6F9E,Correct
Duck,Утка,,CCVC,,,Object,85268BAC1AA9E03AF13D842B3B90E5D8,Correct
Step,Шаг,,CCVC,,,Object,7A5AEBBA8EC02C16136A6656DD8470B9,Correct
Stop,Останавливаться,,CCVC,,,Object,06326A1A5879C4A0131D7E6971DFDEBE,Correct
Trap,Ловушка,,CCVC,,,Object,8D9F9EE069B46D5B32FD9C612E21B8DB,Correct
Clip,Клип,,CCVC,,,Object,795AC694E03248A3EBA0DFADFF8B4937,Correct
Trip,Путешествие,,CCVC,,,Object,123CBB93646450C0CCE0775C5F2AB1F2,Correct
Hand,Рука,,CVCC,,,Object,E1D7533B7FDD10C8F8E45D7EDF1D9629,Correct
Sock,Носок,,CVCC,,,Object,31BD353C4FB9C5D1252EF855427C9BEF,Correct
Pink,Розовый,,CVCC,,,Object,90C92DBA9411F48ACD13E68D79914B9F,Correct
Sand,Песок,,CVCC,,,Object,CAC2232E0E5D9BBA1B4FA21D0BF80E8B,Correct
Bird,Птица,,CVCC,,,Object,EFBA8BB80D71B9C6E999F93422C880C7,Correct
Hill,Холм,,CVCC,,,Object,D366BDD98EB61C75A74423048EE1225B,Correct
Ship,Корабль,,CVCC,,,Object,EA44F021CE38C67A6037932354DAAA84,Correct
Mint,Мята,,CVCC,,,Object,A7A1D0800CF09F445D05CA25D329C850,Correct
Land,Земля,,CVCC,,,Object,9EE375A1AA31E4BC7DBD48EFE32718E6,Correct
Crab,Краб,,CVCC,,,Object,C43A25B068BDA2F9D575E9CE524E4EC6,Correct
Flag,Флаг,,CVCC,,,Object,FA30E9319AF96E118E0E564A7C918B94,Correct
Path,Путь,,CVCC,,,Object,B0212CB8D5FF4F027D284241BAA28CD5,Correct
Drum,Барабан,,CVCC,,,Object,E16B137608F94BAC0F1E8617848590B8,Correct
Nest,Гнездо,,CVCC,,,Object,310943354CFFFBB21B6FCAAEFB91426F,Correct
Risk,Риск,,CVCC,,,Object,29E18EF943BCE793C5B783E23145A9A0,Correct
Gift,Подарок,,CVCC,,,Object,BB4DEA9DCEE95D01E6DD2C2350D4080D,Correct
Kick,Пинать,,CVCC,,,Object,72EA20940004B74B83D5A1E9A1D6BAFD,Correct
Kite,Летающий змей,,CVCe,,,Object,6025DAC23E31D65C3ED223A316777225,Correct
Nose,Нос,,CVCe,,,Object,219CE82B1EBBC88817A23729D92A4279,Correct
Dove,Голубь,,CVCe,,,Object,35EF6A53514904A6648FFDA3B266173F,Correct
Hope,Надеяться,,CVCe,,,Object,3B3BB372F478AC0DDC9C916970693E19,Correct
Lime,Лайм,,CVCe,,,Object,7BDB08D8085AB145BA0C58894914C0BB,Correct
Cape,мыс,,CVCe,,,Object,382101485C02E72F51097855007FC760,Correct
Mice,Мыши,,CVCe,,,Object,51DFC405CC282339E8ECD331416D51EA,Correct
Dime,Копейки,,CVCe,,,Object,55F844E16431BA5403B45E93F0DE56C1,Correct
Hose,Шланг,,CVCe,,,Object,CABBF38A16D35E9BDF95B5A624C66401,Correct
Lake,Озеро,,CVCe,,,Object,6A19505D23ED41BF15B3B0EB0F354BDA,Correct
Wave,Волна,,CVCe,,,Object,AF101674C9B49A8F7BE4CB623CD3CBBD,Correct
Dune,Дюна,,CVCe,,,Object,95DF1DCA45D583518873158107ACF410,Correct
Robe,Халат,,CVCe,,,Object,5077FA8DCA92220E1CEB6749685F316D,Correct
Gene,Ген,,CVCe,,,Object,561A315D9692C88EC5A7AAAFDE043B01,Correct
Mane,Грива,,CVCe,,,Object,9FD51AB01B8E4BC409DD0AC4319C4EDC,Correct
Cone,Конус,,CVCe,,,Object,1BB605CB65133E3A45A10E101D9A7E5D,Correct
Can,,,CVC,,,Object,A83ED744BACF8EA47B6E555915092403,Correct
Cob,,,CVC,,,Object,6BF9094E9E3B1208A11FF86E8DB44C09,Correct
Fig,,,CVC,,,Object,75AAD49BC849541F830E68C06EC50F22,Correct
Lip,,,CVC,,,Object,B3E36BFB8393562091A68B7FB45BA840,Correct
Mop,,,CVC,,,Object,C92751340DFDB8F28BA15C9B20189D5D,Correct
Nib,,,CVC,,,Object,4AAF685EA9A0B896589E47376D2D07E7,Correct
Oar,,,CVC,,,Object,8A4F23B4C359C3A15AFB42FDCECCC6A1,Correct
Pup,,,CVC,,,Object,7830A0982831BDEC9DA31BAD5E932AE8,Correct
Frog,,,CCVC,,,Object,0582A26A906BC60237EBE4A2D5967BB1,Correct
Drum,,,CCVC,,,Object,FF9F548C89CDF3DA5D529626FE3A5E68,Correct
Flag,,,CCVC,,,Object,85092AD71139B975D8DA69CC79AF0D9A,Correct
Tree,,,CCVC,,,Object,8C3A6E4A2C4AD467802C415A7DD5DF5F,Correct
Plug,,,CCVC,,,Object,58CC997A7823FF4AF1A001BBB8801B72,Correct
Star,,,CCVC,,,Object,327E8BEA5BADB6AF23171553E0C40218,Correct
Crowd,,,CCVC,,,Object,5057AB1801B2C4037EC2E085D2335536,Correct
Brick,,,CCVC,,,Object,957E326F08A31C0A9DE61F357D5B1B94,Correct
Clown,,,CCVC,,,Object,08F7307060F262BDA890F9EC644160DF,Correct
Shop,,,CCVC,,,Object,7B16D32287E095BAB3D7F7E3D7847CAB,Correct
Stick,,,CCVC,,,Object,810507FB44FFEB9D9EC2B26D03A30DB4,Correct
Grass,,,CCVC,,,Object,EDEDD3FD4D58D96934EF65D68090C4A1,Correct
Brush,,,CCVC,,,Object,950671952D42FBA7F72CB342EB491BA6,Correct
Desk,,,CCVC,,,Object,6047974D2A9861344D650073E619B709,Correct
Skirt,,,CCVC,,,Object,372E8A12F4758C63B4DFFDFAC7808C01,Correct
Snow,,,CCVC,,,Object,659824107F9A51690EDA2EC1EDA397C3,Correct
Step,,,CCVC,,,Object,475916D23878227654664AB6B373BA61,Correct
Stop,,,CCVC,,,Object,5AD8AA656296A411019B7BD87C676266,Correct
Doll,,,CVCC,,,Object,087F081D0E00599B7C6ACFAB2CDC8B53,Correct
Leaf,,,CVCC,,,Object,388F7618493D1137CA08F7C83DA2C62C,Correct
Book,,,CVCC,,,Object,FEF1A4CE39ECA4E80E8FED0C1B894E24,Correct
Wall,,,CVCC,,,Object,CB6F491CD0E3FCBDE4886FB8289AE057,Correct
Mace,,,CVCe,,,Object,D4C38C8B2B6BD8BE8694AEC9785933B5,Correct
Tote,,,CVCe,,,Object,43A50F5E5D7C74B9E6E9B818251E2D47,Correct
Flute,,,CVCe,,,Object,CFE792ABE88322FBBAD32DE5903A5EA5,Correct
,#VALUE!,,,Dinosaurces,,Object,77F8146A7CC4C5A6F6D9D15C91BAD223,Correct
,#VALUE!,,,Cars,,Object,3F7A71701D87E8AC014591B48B43EA43,Correct
,#VALUE!,,,Drawing,,Object,A865578BCA345DB0AEAB44E104A75D4C,Correct
,#VALUE!,,,Builging Blocks,,Object,387A54A2A0ACF8E63D6D4F6D23339FE6,Correct
,#VALUE!,,,Singing,,Object,B0C4AF6DCE0C91401E16DA8DF32085A2,Correct
,#VALUE!,,,Candy,,Object,9866F2F4A8DB6813189B033AE1FED700,Correct
,#VALUE!,,,Nature,,Object,E2AC931F6BBEF4247F016F77BB2A69FB,Correct
,#VALUE!,,,Cartoon monsters,,Object,45CEB3E2FEB4A2A304107CC5499022A5,Correct
,#VALUE!,,,Cartoon monsters,,Object,8D296FCA05239BB86129F575CE11D5FC,Correct
,#VALUE!,,,Cartoon monsters,,Object,662CEFBB0A48A1397852E502BC5A73A9,Correct
,#VALUE!,,,Dinosaurces,,Object,346484D2046C2E26CAEFF6C80ED0AB88,Correct
,#VALUE!,,,Dinosaurces,,Object,B3D913EE9EA8C1B9A478E1E52CFD87DB,Correct
,#VALUE!,,,Dinosaurces,,Object,2E38D704F6A8799E355A043CE35A02ED,Correct
,#VALUE!,,,Dancing,,Object,6DE03F8A2BF8D68EBCC97F2E6683A569,Correct
,#VALUE!,,,Dancing,,Object,DD07680517BB040CC52F839D1B318725,Correct
,#VALUE!,,,Magic,,Object,BB10DEFA6CB336A9342CE5538355CBB4,Correct
,#VALUE!,,,Magic,,Object,772E93DD390228DADC55D00C98EED214,Correct
,#VALUE!,,,Magic,,Object,950E3677239D6F6F6E57F168AE2F3A06,Correct
,#VALUE!,,,Magic,,Object,BF66FD8896110A06477CFDC153AB5238,Correct
,#VALUE!,,,Magic,,Object,7BABF14950A6B4353C71EF034D0CF672,Correct
,#VALUE!,,,Space,,Object,681C57178379A2B996BF236FCAE317B2,Correct
,#VALUE!,,,Space,,Object,9FA180A9E7911D4003464470DE991DFA,Correct
,#VALUE!,,,Cars,,Object,FB829EDD6DA078D29D98F0875155F588,Correct
,#VALUE!,,,Cars,,Object,3FDF0DC7784F9979B0915540E3C04B13,Correct
,#VALUE!,,,Cars,,Object,AB710409BCB8EAEB062906C326E8D278,Correct
,#VALUE!,,,Cars,,Object,4C2BFC55DFE8BD04237568D405783B5D,Correct
,#VALUE!,,,Drawing,,Object,098E66D7182952B5B590B1EDD94673DD,Correct
,#VALUE!,,,Drawing,,Object,7E049F4360644A7A389FA05F26615541,Correct
,#VALUE!,,,Builging Blocks,,Object,6D658D95652F1FB64817F22675E4811A,Correct
,#VALUE!,,,Builging Blocks,,Object,926ABD50123CC884E037D3329F352256,Correct
,#VALUE!,,,Builging Blocks,,Object,84A5A45DD4BC11431E1940700560C9FE,Correct
,#VALUE!,,,Animals,,Object,5B39E1ADC6FC6079BDB153C242BB9393,Correct
,#VALUE!,,,Animals,,Object,CB3C9023884F91D8C45C8A478817AD22,Correct
,#VALUE!,,,Animals,,Object,92D7C3863AE7260CED5AE4A381188AAC,Correct
,#VALUE!,,,Singing,,Object,C9A3B323236766567C78167C81442861,Correct
,#VALUE!,,,Singing,,Object,AE30AB6C73E639A94ECAD47505206131,Correct
,#VALUE!,,,Singing,,Object,6818B459845B8C7B41A8F2BD6A3C2E55,Correct
,#VALUE!,,,Singing,,Object,DD9654C9B5517AE03E7CF1ADDF5B9D0A,Correct
,#VALUE!,,,Adventures,,Object,775A97D6DBB9DCB9A4D9E00133D695B1,Correct
,#VALUE!,,,Adventures,,Object,ECBF3AFBB9D8CB2DEEE3AB17E11DEA5E,Correct
,#VALUE!,,,Adventures,,Object,BEDC6E7FD2EA89DE58439D024F8800FD,Correct
,#VALUE!,,,Adventures,,Object,13C0A716B24BBE8066FF77AA12D1EA06,Correct
,#VALUE!,,,Videogames,,Object,2EBF5F651735172C26466D5356EBE85E,Correct
,#VALUE!,,,Videogames,,Object,364AC51B911DAB4987BB06571E8C991C,Correct
,#VALUE!,,,Videogames,,Object,BC544DB6EABE2D233538FEA1B7FD0916,Correct
,#VALUE!,,,Videogames,,Object,9B4109386E11599E9B1D9F83821B9857,Correct
,#VALUE!,,,Videogames,,Object,BC342EE164761F7E6D384F401B72F103,Correct
,#VALUE!,,,Experiments,,Object,5B34F2394EC58EB50F495E40CC6303DD,Correct
,#VALUE!,,,Experiments,,Object,DDFF3711D88D2719096F8A16CD45B4B2,Correct
,#VALUE!,,,Experiments,,Object,FF3B4660792E765ABE7E7A56BE74B8A8,Correct
,#VALUE!,,,Experiments,,Object,7DD8175866B0AA84D5C7028EA071ADA8,Correct
,#VALUE!,,,Candy,,Object,B358AAEBAAEE4C35175BFCF49B1C60F6,Correct
,#VALUE!,,,Candy,,Object,191F7DAF483B53AC2DCFE02C6AD3B3D5,Correct
,#VALUE!,,,Candy,,Object,A92C1B89142DE43359F431C73EB5219A,Correct
,#VALUE!,,,Candy,,Object,B864D16B910068B80C22DAF51363BCED,Correct
,#VALUE!,,,Nature,,Object,C3AEB1907AE28C56274658549ECF4DCD,Correct
,#VALUE!,,,Nature,,Object,12009F2E83760FB747B03B1651C8C89F,Correct
,#VALUE!,,,Nature,,Object,EE90172CC93873F8B2FA4877B36DDA14,Correct
,#VALUE!,,,Nature,,Object,4D4CDB6CD7EF3876A9C89DB00E304105,Correct
,#VALUE!,,,Science,,Object,71E2B1BEF91D0BD97DE1C2057F7FC9ED,Correct
,#VALUE!,,,Science,,Object,EEF4847328687660C57791FA30403DAE,Correct
,#VALUE!,,,Science,,Object,172BC5212A5711F3D77882733D29075C,Correct
,#VALUE!,,,Science,,Object,32D373F044104245936201702531ED2D,Correct
,#VALUE!,,,Cartoon monsters,,Object,F94F0BCD38E66A404794B50FE716A08D,Correct
,#VALUE!,,,Cartoon monsters,,Object,27AEA683792904C4D3DDA86A283700B2,Correct
,#VALUE!,,,Cartoon monsters,,Object,59E5C9D2C51A41A1FD23EDC5E4183DEB,Correct
,#VALUE!,,,Cartoon monsters,,Object,5D88AD81EB70C209333751610D583373,Correct
,#VALUE!,,,Cartoon monsters,,Object,DB9957C34BA3E5EA3ABDD0266067DEB6,Correct
,#VALUE!,,,Cartoon monsters,,Object,6533287A35E3F5DC09215C8359EFFE46,Correct
,#VALUE!,,,Cartoon monsters,,Object,9BC818522A55FC13674F32C728421CB1,Correct
,#VALUE!,,,Cartoon monsters,,Object,67FC69AB35D96EFF48B0C910D2EBDED2,Correct
,#VALUE!,,,Cartoon monsters,,Object,B806B1C47D2AAA8982A465BD91908DDD,Correct
,#VALUE!,,,Cartoon monsters,,Object,B004A5AA84819A49C19B928036396A9E,Correct
,#VALUE!,,,Cartoon monsters,,Object,807B8A82E09C1705B4074D2213E7992E,Correct
,#VALUE!,,,Cartoon monsters,,Object,723A3C6EC5293A7EFFFF16DA1116C453,Correct
,#VALUE!,,,Cartoon monsters,,Object,DE06D431B23A74AC2ADB261CECBF6D0F,Correct
,#VALUE!,,,Cartoon monsters,,Object,4B9B7E5D491E8A74A03BDED63FF80C73,Correct
,#VALUE!,,,Cartoon monsters,,Object,EFA7D6C7F0E8E5CD5B2749903AF34E14,Correct
,#VALUE!,,,Cartoon monsters,,Object,8D0D10F006D9146CCDBDA7B287B49B53,Correct
,#VALUE!,,,Dinosaurces,,Object,46DEF13CAFF94FF50D2D47610116F314,Correct
,#VALUE!,,,Dinosaurces,,Object,21F4ECA3041304F05F37B076F02EDBAA,Correct
,#VALUE!,,,Dinosaurces,,Object,375044535050D73C506CFFE2CE4B4B60,Correct
,#VALUE!,,,Dinosaurces,,Object,750F846CBDEBE32F8F3517B51B6E33C8,Correct
,#VALUE!,,,Dinosaurces,,Object,D6940EDFD13CA32A25D93B6F98EF4F9C,Correct
,#VALUE!,,,Dinosaurces,,Object,429281D94D8133B7941C187DD88A9539,Correct
,#VALUE!,,,Dinosaurces,,Object,2DF16B6B2C364E509BDBACD3F5A19AC1,Correct
,#VALUE!,,,Dinosaurces,,Object,888C1D503C6812DB6CD902831462ADDA,Correct
,#VALUE!,,,Dinosaurces,,Object,76A50A2D3AA0E1DACD3AE6D5D3000D52,Correct
,#VALUE!,,,Dinosaurces,,Object,9300C5CE14268CB9E2F6D2FD31E4C1EE,Correct
,#VALUE!,,,Dinosaurces,,Object,A7868266F3C59B216586157E37FA2D8F,Correct
,#VALUE!,,,Dinosaurces,,Object,3E706E7CA90BF73620FBC1A5EDD1ED61,Correct
,#VALUE!,,,Dancing,,Object,3A53D57CA03636444BB6EB5135153B0A,Correct
,#VALUE!,,,Dancing,,Object,31C2F4328AA037B89E97B93333EC1666,Correct
,#VALUE!,,,Dancing,,Object,7EAB09088ACB4231BE17A74719F4DDF3,Correct
,#VALUE!,,,Dancing,,Object,4C3BC09D0091C8CEF74F05235DAF55F2,Correct
,#VALUE!,,,Dancing,,Object,66A35C68BC9448CDAE5F9244D483186E,Correct
,#VALUE!,,,Dancing,,Object,E8BA66546EDBEE0A1F1B78D27BC4A8DF,Correct
,#VALUE!,,,Magic,,Object,DAA2AA72A65AB17119CD11011CB341B0,Correct
,#VALUE!,,,Magic,,Object,70D89415740ECEB57EF6E461FBB64EC1,Correct
,#VALUE!,,,Magic,,Object,3435193A64107CC3EA84D30DBAF0626B,Correct
,#VALUE!,,,Magic,,Object,F515C8A230D23AFD1D9FA9FD8658BBF4,Correct
,#VALUE!,,,Magic,,Object,8D91C351508FFE93C6A45CAB34EE72EE,Correct
,#VALUE!,,,Magic,,Object,D16EF81AC2125735458A6ABB1ABF94B4,Correct
,#VALUE!,,,Magic,,Object,2AD7D0C1E1EF27302B346FAB6A61A37A,Correct
,#VALUE!,,,Magic,,Object,2BC51F8009732F7C02B6E7A004D6FF90,Correct
,#VALUE!,,,Space,,Object,A077DC4838A6C0599556078DBF440D6C,Correct
,#VALUE!,,,Space,,Object,C495B838350CD34AE376C391431916ED,Correct
,#VALUE!,,,Space,,Object,11BB68B14B45F4E92096C38E306A02B1,Correct
,#VALUE!,,,Space,,Object,D99012B2D067295794AD6C92F9837B32,Correct
,#VALUE!,,,Space,,Object,48A5577732825CCE7860A09041FE6763,Correct
,#VALUE!,,,Space,,Object,BC90A81E6C74069B6B89A626F296DCF9,Correct
,#VALUE!,,,Space,,Object,E652A5D1F3DA3F81A8A73F46AECAF694,Correct
,#VALUE!,,,Space,,Object,43BDD6CAD7046B9975BAF6BF6EBE0DEF,Correct
,#VALUE!,,,Space,,Object,97D5F8510F947F490BF1FF295C6BFEDE,Correct
,#VALUE!,,,Space,,Object,AF1F6F5777F2E376A0735156904685AC,Correct
,#VALUE!,,,Space,,Object,82D97BC887C771B7CF77AD08339F9085,Correct
,#VALUE!,,,Space,,Object,BD138F13A1E9D3A76AA7940B7385A42D,Correct
,#VALUE!,,,Space,,Object,E3529A44D47C224EF1CE37B0D2995844,Correct
,#VALUE!,,,Space,,Object,11A5FDD82774FD096393A84BC07DA670,Correct
,#VALUE!,,,Cars,,Object,3851B4CC95EEA0FDF02E85BDA5E83412,Correct
,#VALUE!,,,Cars,,Object,3BBCDED0E7FFA12FAAA0FA5B32252DB1,Correct
,#VALUE!,,,Cars,,Object,50B98C5AD4A9DCEFEF7F6AB14B82E972,Correct
,#VALUE!,,,Cars,,Object,2F517FD037BDF04EFA6FB00D153C5381,Correct
,#VALUE!,,,Cars,,Object,54BB2C03A817810757CAAE13391875CD,Correct
,#VALUE!,,,Cars,,Object,52EB1E5282B19F63AE6EB3AE4D7C4DDF,Correct
,#VALUE!,,,Drawing,,Object,401A5C5ACD80EE4AC2BE18E3806146AD,Correct
,#VALUE!,,,Drawing,,Object,5E28A3B2C88C344E2E65CE88BC008D14,Correct
,#VALUE!,,,Drawing,,Object,F42C21B98D16374C319595E7967F4D1F,Correct
,#VALUE!,,,Drawing,,Object,B3676B1D4D3DA8F8A451732B87DEF4D7,Correct
,#VALUE!,,,Drawing,,Object,EB5BA379182C9508382076E7A951D5F0,Correct
,#VALUE!,,,Drawing,,Object,D4825C832E1BAE8810DCD6DC4F347A8E,Correct
,#VALUE!,,,Drawing,,Object,7AD3F468A6B7533D852F2A1EB6A14AB8,Correct
,#VALUE!,,,Drawing,,Object,6F7CF7417E5BFEDE767F1E8C72BFA0F8,Correct
,#VALUE!,,,Drawing,,Object,D115775B9662D2E5E671D59EF3EB64C9,Correct
,#VALUE!,,,Drawing,,Object,10FC1EC5E56A9B3BC24F21B0CB04A31D,Correct
,#VALUE!,,,Drawing,,Object,A68DEE887279684BFC1F4DAF8F002764,Correct
,#VALUE!,,,Drawing,,Object,D2EBDC8CFA66A4032C4D96BB8876C626,Correct
,#VALUE!,,,Drawing,,Object,9438AD3256ACF5859A897960D4C9FD86,Correct
,#VALUE!,,,Drawing,,Object,9D073609331BDC6AB7EEC223EC1A0C69,Correct
,#VALUE!,,,Drawing,,Object,F093562FE1F5904C16F791A0897C5F0C,Correct
,#VALUE!,,,Builging Blocks,,Object,7F28FF955CD5567EAB657759ABD1288F,Correct
,#VALUE!,,,Builging Blocks,,Object,3699EC83D13F7ABDD69B84FD7D6FC55C,Correct
,#VALUE!,,,Builging Blocks,,Object,D908BA9302083B5BFF501CB338DC9CAD,Correct
,#VALUE!,,,Builging Blocks,,Object,FD707E75C7CC7CFF2A58C6E0A678B65D,Correct
,#VALUE!,,,Builging Blocks,,Object,C8B9E4B3A8E4C9E126CE502F93B166BA,Correct
,#VALUE!,,,Builging Blocks,,Object,4A493F7B274A0695B8260955E2337D64,Correct
,#VALUE!,,,Builging Blocks,,Object,652B185150E180AA0506FAA27A37CF08,Correct
,#VALUE!,,,Builging Blocks,,Object,3A31A2338F35815F20FE10B7F203EFDC,Correct
,#VALUE!,,,Builging Blocks,,Object,170B5BA251E68346B821A01B1E3696ED,Correct
,#VALUE!,,,Builging Blocks,,Object,45F44583BD6BBDD6087D72BDF99EE9B2,Correct
,#VALUE!,,,Builging Blocks,,Object,76EFC6293DD0C78C5262520F3F490F03,Correct
,#VALUE!,,,Builging Blocks,,Object,149C2C0305E7A55F775DE87E9F948BE4,Correct
,#VALUE!,,,Builging Blocks,,Object,31FC17740B7ACF4BAE2E45018203C0BF,Correct
,#VALUE!,,,Animals,,Object,52F3B03625359CC3A8916D8DF97BEC8F,Correct
,#VALUE!,,,Animals,,Object,03783C0973FACA8EA6C7AABBA30C5D8D,Correct
,#VALUE!,,,Animals,,Object,161EF3D240F0236AA81E3B1D6A4E123A,Correct
,#VALUE!,,,Animals,,Object,D5974D327B4763AE5FAB4FACAD4E7888,Correct
,#VALUE!,,,Animals,,Object,9D49BF1B3E98516A688A0A14C9812092,Correct
,#VALUE!,,,Animals,,Object,D8763952C7EE64A087A2F826194EAAB4,Correct
,#VALUE!,,,Animals,,Object,878CB6E6C84257237E5FCA2FCA8BEADC,Correct
,#VALUE!,,,Animals,,Object,E89B1CA7C96738AA6E98AE41E0C9DDF4,Correct
,#VALUE!,,,Singing,,Object,8959C82ACDE01B6A2DB6E0EEFC6EFE00,Correct
,#VALUE!,,,Singing,,Object,69567E190AEC933F1185E33EE1ABED26,Correct
,#VALUE!,,,Singing,,Object,A31809F94EC7363D1B75CB259B2A99DB,Correct
,#VALUE!,,,Singing,,Object,FBC3D65277ABF9EE03728BAC2D9126AF,Correct
,#VALUE!,,,Singing,,Object,FA69D8B86A337013F5CD1A0E4F9D1114,Correct
,#VALUE!,,,Singing,,Object,A64A734DBAE9088CC80F3106EC6EF57D,Correct
,#VALUE!,,,Singing,,Object,640C8201135CE6DA3DDF59A7883653B6,Correct
,#VALUE!,,,Singing,,Object,5D63FE2D9A028ECEA7F61A007912C8D4,Correct
,#VALUE!,,,Singing,,Object,96AEF2C191332FC9F21DC4296FF077E8,Correct
,#VALUE!,,,Singing,,Object,98CBC90703780A93D4B9EFFA780BD0EF,Correct
,#VALUE!,,,Singing,,Object,BF131904D5BD955891A7106ED8220E80,Correct
,#VALUE!,,,Singing,,Object,8387FAA3F4C94770A17DC99087083FC7,Correct
,#VALUE!,,,Adventures,,Object,AD5A3D9E770F58D330F9CD4B76189117,Correct
,#VALUE!,,,Adventures,,Object,AF2BF231E6315554EE553D5CC07D82B3,Correct
,#VALUE!,,,Adventures,,Object,9B1A999FFD69B4E610109FE3DEA17AC5,Correct
Monkey,Обезьяна,,WordsStartingWithLetters,,M,Object,14E329336ECF0C049EEB57C37B039827,Correct
Worm,Червь,,WordsStartingWithLetters,,W,Object,16B643797F4320B1FB1EDF380C3B6B0B,Correct
Wheel,Колесо,,WordsStartingWithLetters,,W,Object,8FE3D99A6D928DD507ACC41249671A54,Correct
Water,Вода,,WordsStartingWithLetters,,W,Object,4F83F2794A1BDB66E51CD724E9A2A49F,Correct
Bear,Медведь,,WordsStartingWithLetters,,B,Object,BF432AD66903551189B171AF7330760F,Correct
Bird,Птица,,WordsStartingWithLetters,,B,Object,54C3501A0D859CCA7F91D2D2D1C9DE3A,Correct
Doll,Кукла,,WordsStartingWithLetters,,D,Object,31132CC348A2A33E7114AB669E81D1FC,Correct
Dad,Папа,,WordsStartingWithLetters,,D,Object,0D1FAB9C71CAF74A8552C72851CF733F,Correct
Hand,Рука,,WordsStartingWithLetters,,H,Object,C7A869E4B596CD89D16373CA1DFCDE61,Correct
Heart,Сердце,,WordsStartingWithLetters,,H,Object,E47FF68E45F8E1E4B1E176FA20F9DDDF,Correct
Nose,Нос,,WordsStartingWithLetters,,N,Object,D46EBF8D85C20372EFB6D75F7D7837C1,Correct
Nest,Гнездо,,WordsStartingWithLetters,,N,Object,249E6E65E42D3CC28F81B3FA45DBEEF5,Correct
Moon,Луна,,WordsStartingWithLetters,,M,Object,1B10F74C39D1AA21F6288541EC6B3041,Correct
Napkin,Салфетка,,WordsStartingWithLetters,,N,Object,FB2ECC4341986ED58A90954695D15003,Correct
Noodle,Лапша,,WordsStartingWithLetters,,N,Object,F1E381663DD2D7CB8C0A3607AEF21224,Correct
Inch,Дюйм,,WordsStartingWithLetters,,I,Object,C93B9F21F9492491DB1BB907717718CC,Correct
Jingle,Джингл,,WordsStartingWithLetters,,J,Object,A7B5E07F862FA46164CC7BA1EEE2DCD7,Correct
Fish,Рыба,,WordsStartingWithLetters,,F,Object,8B13DB5CE4D0CDD30FBD0BA49ABEEA99,Correct
Frog,Лягушка,,WordsStartingWithLetters,,F,Object,B23D8050DCE1AEE245D810F4F727460B,Correct
Feather,Перо,,WordsStartingWithLetters,,F,Object,B90D46FC138D0EB69BBC27443B35E065,Correct
Toddler,Ребено� начинающий ходи�ь,,WordsStartingWithLetters,,T,Object,34C1285FCFDACAE5B937D52A1DB44557,Correct
Milk,Молоко,,WordsStartingWithLetters,,M,Object,9CC3F71103799569F732AE0ACDC43D65,Correct
Peach,Персик,,WordsStartingWithLetters,,P,Object,D0B20F3E2C111444121D6595F878EBED,Correct
Penny,Пенни,,WordsStartingWithLetters,,P,Object,68C1F14D4F5130008EBCF26455C7EBA8,Correct
Mop,Швабрый,,WordsStartingWithLetters,,M,Object,40893BFAFADC64938BEFF7F74BE1EE65,Correct
Notch,Нотч,,WordsStartingWithLetters,,N,Object,B015FB0215417E026E16B583D6ABFBC2,Correct
Brick,Кирпич,,WordsStartingWithLetters,,B,Object,B44C90FD299FBCE7126C99F839CF8537,Correct
Boat,Лодка,,WordsStartingWithLetters,,B,Object,5E033D824DF4FB064659150DBA60A685,Correct
Bus,Автобус,,WordsStartingWithLetters,,B,Object,89B051E797C7677BBA6EF2760C7439E4,Correct
Dress,Одеваться,,WordsStartingWithLetters,,D,Object,FCE22ECF99D732F0A2B202A97809E6D9,Correct
Deer,Олень,,WordsStartingWithLetters,,D,Object,21AECC287739D572CB6CBE522846863D,Correct
Desk,Рабочий стол,,WordsStartingWithLetters,,D,Object,A9895AFA1EB6A125DE681938525934E1,Correct
Ink,Чернила,,WordsStartingWithLetters,,I,Object,022A2D4B482373896FCF5B2755063317,Correct
Iris,Ирис,,WordsStartingWithLetters,,I,Object,7DF6EFD6A09E8FBBC29BCE7C9BF37CD7,Correct
Iron,Железо,,WordsStartingWithLetters,,I,Object,7D685AD932C69A8E305D2CFBC707F62C,Correct
Flag,Флаг,,WordsStartingWithLetters,,F,Object,A7360EA74F8DC00ACCBC1C01AAAB2AE9,Correct
Tree,Дерево,,WordsStartingWithLetters,,T,Object,D02E2C12C3EAED7EDE3E135A7200AEB5,Correct
Coin,Монета,,Diphthong,,,Object,DADA5F3D9278F2FD21CBCEDF3928484D,Correct
Boy,Мальчик,,Diphthong,,,Object,7659DF01E5F25AC2B11B33A4A9A01F82,Correct
Egg,Яйцо,,Diphthong,,,Object,D526A377D027E2B76D98B73AB7469971,Correct
Bear,Медведь,,Diphthong,,,Object,3A252964AEEB31E0C8AABB333AD92F29,Correct
Rain,Дождь,,Diphthong,,,Object,D768DA3E4322C9745324CB88E5783A35,Correct
Cloud,Облако,,Diphthong,,,Object,BBF197B81C290E2F7B3158DF65B9D5E4,Correct
Goat,Козел,,Diphthong,,,Object,493A8E81D2B06219E7295ED30D835CEF,Correct
Towel,Полотенце,,Diphthong,,,Object,596798BE2C6A1BBE8C56EDD47581429C,Correct
Foil,Фольга,,Diphthong,,,Object,7CC5D811F66E979F7FB5931A5244739D,Correct
Nose,Нос,,Diphthong,,,Object,1E18FDE790AB70D05EAAB55D586A24D9,Correct
Rope,Веревка,,Diphthong,,,Object,D6D3C57D8A25C5C9A9A460E4B9AFC2CA,Correct
Meal,Еда,,Diphthong,,,Object,DEA987508B8C11F67A6D35877A12641C,Correct
Sheep,Овца,,Digraph,,,Object,4D57F58D9F3F48C96A6AAFD7AA58F643,Correct
Whale,Кит,,Digraph,,,Object,2EBCF9C39393DFDD5F17A6C17FD2C06C,Correct
Chain,Цепь,,Digraph,,,Object,D4DD379A1B7D5417994D348428EB9E31,Correct
Thumb,Большой палец,,Digraph,,,Object,0640DE8980FDD2645FFF66999BA6D686,Correct
Peach,Персик,,Digraph,,,Object,1C5425CDD3CFA42B951DEFD3C0D4D021,Correct
Cherry,вишня,,Digraph,,,Object,AA9992F158A8974B046DCF24B6F1205F,Correct
Thread,Нить,,Digraph,,,Object,D1ADA18EFE8CECD8537E8B416005A07F,Correct
Cheek,Щека,,Digraph,,,Object,E0BE66D40BF78CE03C80DF8947EE9656,Correct
Throat,Горло,,Digraph,,,Object,B026FC4745C335075E62F1AC527B52F0,Correct
Dolphin,Дельфин,,Digraph,,,Object,A67136D78FB1BE14F341A2B083F345FE,Correct
Rhino,Носорог,,Digraph,,,Object,AE4B650683D3A22AD09576B16D91E5BF,Correct
Sphere,Сфера,,Digraph,,,Object,89BBC1CF21724BC90EBDAA7F9B812C80,Correct
,#VALUE!,,,Singing,,Background,4295C2E5A0DA4AF5E63F2C65FF00ABB9,Correct
,#VALUE!,,,Builging Blocks,,Background,4414E8E399D51CC98263493382EDC39E,Correct
,#VALUE!,,,Singing,,Background,6CDFB640B04D12F6ED90EE046FEC1E51,Correct
,#VALUE!,,,Dancing,,Background,A6C66578C7E2D9CB7191437FF2FFD56B,Correct
,#VALUE!,,,Dancing,,Background,DC7755EF85483DCCE4CBF4F60DA49984,Correct
,#VALUE!,,,Dancing,,Background,91B84E03C1BE32EB61795A36E3C37FB4,Correct
,#VALUE!,,,Cars,,Background,27E7C3ED76C1E314A8FAD47E2DC07106,Correct
,#VALUE!,,,Cars,,Background,40DE694FEBA91F62D0EEF5A763B3EEB4,Correct
,#VALUE!,,,Animals,,Background,8A0DC4D2ED73AA4054C1198BDD97FC45,Correct
,#VALUE!,,,Singing,,Background,4940B7634F6CCCC9937DA734476FBC98,Correct
,#VALUE!,,,Singing,,Background,33C539DA88F487F12701F8D6B33AE625,Correct
,#VALUE!,,,Adventures,,Background,096E1B85E74D10D4CCB85958328A1F38,Correct
,#VALUE!,,,Videogames,,Background,896F87932E54783AC19427E5B07B2132,Correct
,#VALUE!,,,Nature,,Background,D255C8C0E0DEEE8E661876B0B9854854,Correct
,#VALUE!,,,Nature,,Background,44A85C32A8BA045393ACC986C8FA9DA0,Correct
,#VALUE!,,,Dinosaurces,,Background,533319812BCD97927E79F4CB19EF41DA,Correct
,#VALUE!,,,Dinosaurces,,Background,032439BAFA5BDA37BA1F2A34C79A7868,Correct
,#VALUE!,,,Dancing,,Background,F0A8CB12AFF06AFDB89CEA206E4D4611,Correct
,#VALUE!,,,Magic,,Background,96C21E597287DFCD87E27E439F76A97D,Correct
,#VALUE!,,,Magic,,Background,53154D3CA4EF40E979D08417F4E4D9BF,Correct
,#VALUE!,,,Space,,Background,66E4E17C0A2F86636B416059E6112D4D,Correct
,#VALUE!,,,Animals,,Background,05E54E76B2C6E222C99E22C767A2251A,Correct
,#VALUE!,,,Nature,,Background,31B0A69F3065D59FFCF1B6BA7B66228F,Correct
,#VALUE!,,,Dinosaurces,,Background,B9BA251AB1F2C857E0CF5BA7D5BF01CB,Correct
,#VALUE!,,,Dancing,,Background,F36AE744E888DE35A637AB5B9DF9C7F8,Correct
,#VALUE!,,,Dancing,,Background,79904538A2FAB5DCDF2DFE4B7680B130,Correct
,#VALUE!,,,Space,,Background,84DE89086F67DC03F75CEE90FB949DEE,Correct
,#VALUE!,,,Space,,Background,5F910F7EDC45ED8913307E586FB1875B,Correct
,#VALUE!,,,Space,,Background,EB99293B967FD88816BA9CE9840C5326,Correct
,#VALUE!,,,Cars,,Background,1C2FDD0C4E98B24E7B69FF6548BC0421,Correct
,#VALUE!,,,Cars,,Background,E9579D58627F9CA215055B4E054549BA,Correct
,#VALUE!,,,Cars,,Background,F199FE8E5000218FED770649A14FBF9D,Correct
,#VALUE!,,,Cars,,Background,FF38AA6A53B1A2B64C3E4B7CDFE773CC,Correct
,#VALUE!,,,Cars,,Background,EA8B9EAD13F44CE170385F69FE73A27D,Correct
,#VALUE!,,,Cars,,Background,87E6C7E7B45C7B252C2F8FECB1DA80EC,Correct
,#VALUE!,,,Cars,,Background,8FD748F2AB078B0794B779B8EE71D6CC,Correct
,#VALUE!,,,Drawing,,Background,7151C4008C0EDCFEB74CBF5751F1F7C7,Correct
,#VALUE!,,,Drawing,,Background,1661B0B90AB07A61D7BC4809ADD8D7A3,Correct
,#VALUE!,,,Drawing,,Background,1E90C925AF5DA376216FC00A1B74BCDF,Correct
,#VALUE!,,,Builging Blocks,,Background,A46B8D0137C867BAC411176E655512D4,Correct
,#VALUE!,,,Builging Blocks,,Background,066A1C6E44D7E6BCEDDE5C3E92B754F0,Correct
,#VALUE!,,,Builging Blocks,,Background,515D8C7F32DCB71650FE25514F854567,Correct
,#VALUE!,,,Singing,,Background,481C6183FC9AC8061D433CB7FD30A075,Correct
,#VALUE!,,,Adventures,,Background,E3A14FCE3F4FBBD748F67C31296850F7,Correct
,#VALUE!,,,Adventures,,Background,22CD94F93C5EF590B530034E16E5BB7C,Correct
,#VALUE!,,,Videogames,,Background,F0DDC3C25538E2267FC371D7D99C8BB0,Correct
,#VALUE!,,,Videogames,,Background,9641EC9837DAE22C45E9BCCF5D11DE1B,Correct
,#VALUE!,,,Experiments,,Background,32F95C36FBF87CC0E51C1D741E733B78,Correct
,#VALUE!,,,Experiments,,Background,C6240EC43998C786DFD49713DDD433C0,Correct
,#VALUE!,,,Science,,Background,0141FBC5D582B783AEF37008442C250A,Correct
